datetime,symbol,quantity,rate,side,symbol_agg,total_bid_size,vwap
2025-04-08 06:28:00,XRPUSD,569.528,1.8699457927266088,Buy,,,
2025-04-08 06:29:00,XRPUSD,590.01143101,1.872325911071048,Buy,,,
2025-04-08 06:30:00,XRPUSD,571.0737388699999,1.8725982560561374,Buy,,,
2025-04-08 06:31:00,XRPUSD,1029.62214174,1.8744151167841134,Buy,XRP/USDT,127844.06509000013,1.8742789223309984
2025-04-08 06:32:00,XRPUSD,1277.20151886,1.873091981849262,Buy,XRP/USDT,118362.82363999992,1.8735562641431867
2025-04-08 06:33:00,XRPUSD,1014.85021473,1.8707412441582039,Buy,XRP/USDT,139406.34376999992,1.8714233051850593
2025-04-08 06:34:00,XRPUSD,1628.8313229999999,1.8688101710889802,Buy,XRP/USDT,157455.5172000001,1.8692554345697663
2025-04-08 06:35:00,XRPUSD,4958.53244542,1.8686625875403058,Buy,XRP/USDT,141376.19183000003,1.8694736740811146
2025-04-08 06:36:00,XRPUSD,338.59961586000003,1.8671761243907106,Buy,XRP/USDT,147278.0056200001,1.8676376793071743
2025-04-08 06:37:00,XRPUSD,12524.91973498,1.8677272616738492,Buy,XRP/USDT,138061.06827,1.8674080638397914
2025-04-08 06:38:00,XRPUSD,3803.093355,1.867898820642716,Buy,XRP/USDT,116459.15004000007,1.8686644925112148
2025-04-08 06:39:00,XRPUSD,878.38768504,1.8647908979730905,Buy,XRP/USDT,172456.9588299999,1.8658448401984795
2025-04-08 06:40:00,XRPUSD,1258.98932764,1.8643510730007367,Buy,XRP/USDT,139929.65534000006,1.8657230541792758
2025-04-08 06:41:00,XRPUSD,4019.4556057199993,1.8670857692346507,Buy,XRP/USDT,133605.29816999994,1.869208203687825
2025-04-08 06:42:00,XRPUSD,2622.252468,1.8673729784251956,Buy,XRP/USDT,94971.88491000001,1.868206723496974
2025-04-08 06:43:00,XRPUSD,12960.94382126,1.8686869241093742,Buy,XRP/USDT,119781.99684,1.8691096070178028
2025-04-08 06:44:00,XRPUSD,18104.48463516,1.8672419094156083,Buy,XRP/USDT,142341.0060600001,1.868322683920413
2025-04-08 06:45:00,XRPUSD,7876.08003125,1.8677607341936975,Buy,XRP/USDT,149150.35874999984,1.8682768366387648
2025-04-08 06:46:00,XRPUSD,9319.10995543,1.862693752249055,Buy,XRP/USDT,124522.6916399999,1.8652341576519118
2025-04-08 06:47:00,XRPUSD,4620.165709,1.8612923671933992,Buy,XRP/USDT,96855.77307000008,1.8622043269748363
2025-04-08 06:48:00,XRPUSD,5274.927391699999,1.8606936779422196,Buy,XRP/USDT,88430.14422999992,1.8614235873860663
2025-04-08 06:49:00,XRPUSD,2585.988,1.8603878057129424,Buy,XRP/USDT,78331.26107000007,1.8615525663673724
2025-04-08 06:50:00,XRPUSD,2760.87318572,1.8608900114827012,Buy,XRP/USDT,115933.31027999983,1.8615439556895153
2025-04-08 06:51:00,XRPUSD,10171.97496189,1.8594710991982464,Buy,XRP/USDT,106808.36127999998,1.8608282409114045
2025-04-08 06:52:00,XRPUSD,3269.00000056,1.861766136433315,Buy,XRP/USDT,90267.92580000004,1.861901208346099
2025-04-08 06:53:00,XRPUSD,3705.80157719,1.8603698253535645,Buy,XRP/USDT,78112.92537000008,1.861302351682415
2025-04-08 06:54:00,XRPUSD,4625.7,1.8587950980392156,Buy,XRP/USDT,106273.53410999994,1.859396589706244
2025-04-08 06:55:00,XRPUSD,1205.805,1.8584378380252191,Buy,XRP/USDT,84226.30225999998,1.8592975231096989
2025-04-08 06:56:00,XRPUSD,9291.499650470001,1.8598830479607054,Buy,XRP/USDT,111267.70498000002,1.8602072891902033
2025-04-08 06:57:00,XRPUSD,5924.7,1.8590257381808362,Buy,XRP/USDT,91897.93288000002,1.860392800077544
2025-04-08 06:58:00,XRPUSD,6957.8910000000005,1.8581814674216652,Buy,XRP/USDT,103204.96782000006,1.8597563926819953
2025-04-08 06:59:00,XRPUSD,4544.62528,1.8603394562527167,Buy,XRP/USDT,86689.32038999998,1.8611868597626875
2025-04-08 07:00:00,XRPUSD,12772.719953199998,1.8594874975738072,Buy,XRP/USDT,90160.07938000004,1.859332092716921
2025-04-08 07:01:00,XRPUSD,12486.549166399996,1.8616774545329793,Buy,XRP/USDT,81199.80564000002,1.862301871221528
2025-04-08 07:02:00,XRPUSD,5760.7,1.8628251899942716,Buy,XRP/USDT,74589.19259999998,1.8641020428637298
2025-04-08 07:03:00,XRPUSD,16503.684093109998,1.8612491165797822,Buy,XRP/USDT,86121.67417000006,1.8630232098100945
2025-04-08 07:04:00,XRPUSD,49793.125529059995,1.8608878013181338,Buy,XRP/USDT,113535.64807000002,1.8607850506200025
2025-04-08 07:05:00,XRPUSD,42296.996357,1.855865564141582,Buy,XRP/USDT,140369.0389400001,1.857233233032924
2025-04-08 07:06:00,XRPUSD,28549.285509,1.8529735963169323,Buy,XRP/USDT,94949.59142,1.8541770855373727
2025-04-08 07:07:00,XRPUSD,37431.41195588,1.8491509671030657,Buy,XRP/USDT,54566.01967999996,1.8503462576949172
2025-04-08 07:08:00,XRPUSD,69773.41431499999,1.8484777095279414,Buy,XRP/USDT,57280.87681000004,1.8492115638727484
2025-04-08 07:09:00,XRPUSD,60883.06584948,1.8505086530425063,Buy,XRP/USDT,59126.04163999998,1.8513430682621155
2025-04-08 07:10:00,XRPUSD,49218.696443,1.8505176235645977,Buy,XRP/USDT,78628.44773999999,1.8515515619471496
2025-04-08 07:11:00,XRPUSD,13449.55064826,1.8532055288790956,Buy,XRP/USDT,82726.44751000007,1.8533399660871768
2025-04-08 07:12:00,XRPUSD,14029.533,1.8547424398566936,Buy,XRP/USDT,93797.09052000007,1.8557532589460684
2025-04-08 07:13:00,XRPUSD,6912.41482672,1.8543313942032238,Buy,XRP/USDT,108733.25518000001,1.8548400048116733
2025-04-08 07:14:00,XRPUSD,3493.957976,1.8560757791318092,Buy,XRP/USDT,101657.70542000004,1.8568918749954553
2025-04-08 07:15:00,XRPUSD,30566.85969767,1.8576343217584126,Buy,XRP/USDT,126186.26694999998,1.8584490022067963
2025-04-08 07:16:00,XRPUSD,925.63505041,1.8584494133866067,Buy,XRP/USDT,75726.23231000002,1.8587353263303776
2025-04-08 07:17:00,XRPUSD,324.45451701,1.8559701736603849,Buy,XRP/USDT,101553.47809999986,1.857193816851435
2025-04-08 07:18:00,XRPUSD,908.78822514,1.8547165822601568,Buy,XRP/USDT,83501.82656,1.854947722926158
2025-04-08 07:19:00,XRPUSD,6330.03598931,1.8534933867394818,Buy,XRP/USDT,74102.79933000001,1.8551674394908944
2025-04-08 07:20:00,XRPUSD,15910.59802731,1.8540262256296278,Buy,XRP/USDT,96384.43038000002,1.8541751499273575
2025-04-08 07:21:00,XRPUSD,2381.93389829,1.858016598280584,Buy,XRP/USDT,106648.65047999998,1.8595848087778364
2025-04-08 07:22:00,XRPUSD,10926.588503720002,1.8641561390758312,Buy,XRP/USDT,105647.97198000009,1.8642463772106783
2025-04-08 07:23:00,XRPUSD,6607.168844559999,1.8619603309419772,Buy,XRP/USDT,90660.18834000007,1.8622837159959835
2025-04-08 07:24:00,XRPUSD,3654.32247531,1.8606572720603318,Buy,XRP/USDT,110403.42531000012,1.8614702144487878
2025-04-08 07:25:00,XRPUSD,1636.23490456,1.8617608685103386,Buy,XRP/USDT,72334.14483999985,1.8622917594701738
2025-04-08 07:26:00,XRPUSD,841.69340457,1.8630480972742989,Buy,XRP/USDT,61234.97872999992,1.8639210890516658
2025-04-08 07:27:00,XRPUSD,110611.55549955001,1.8649472354655208,Buy,XRP/USDT,87040.7648499999,1.8672001647102539
2025-04-08 07:28:00,XRPUSD,15489.166400690001,1.8652080639337347,Buy,XRP/USDT,70128.75283999997,1.8651147117402382
2025-04-08 07:29:00,XRPUSD,1804.05811977,1.8659788244426383,Buy,XRP/USDT,131719.07606000005,1.8663093779318314
2025-04-08 07:30:00,XRPUSD,1749.4552902,1.8648049593640832,Buy,XRP/USDT,101110.04920999991,1.8649133137758067
2025-04-08 07:31:00,XRPUSD,4264.27052673,1.864107056034976,Buy,XRP/USDT,92242.96798999999,1.8641285181741791
2025-04-08 07:32:00,XRPUSD,13007.31793301,1.8639653443787292,Buy,XRP/USDT,106251.35110000001,1.8642992581853102
2025-04-08 07:33:00,XRPUSD,478.0,1.8671294979079498,Buy,XRP/USDT,148976.25517999983,1.8662934021010693
2025-04-08 07:34:00,XRPUSD,3770.65139558,1.8655888497183406,Buy,XRP/USDT,87314.43576000004,1.8674811337407033
2025-04-08 07:35:00,XRPUSD,1509.59062088,1.8634539581355392,Buy,XRP/USDT,114533.6620900001,1.863255285453387
2025-04-08 07:36:00,XRPUSD,1082.91184847,1.863181526925819,Buy,XRP/USDT,92540.65103,1.8628734191338547
2025-04-08 07:37:00,XRPUSD,9836.372135110001,1.862064081073899,Buy,XRP/USDT,153911.24246000018,1.8619320810032702
2025-04-08 07:38:00,XRPUSD,5186.21840442,1.862819732469355,Buy,XRP/USDT,163535.2848100003,1.862843893550565
2025-04-08 07:39:00,XRPUSD,867.238,1.8634256469158408,Buy,XRP/USDT,135507.41815000007,1.8631632866393744
2025-04-08 07:40:00,XRPUSD,5432.06945558,1.8626420151785488,Buy,XRP/USDT,130604.60946000005,1.8629100475005265
2025-04-08 07:41:00,XRPUSD,2087.0,1.8644163392429325,Buy,XRP/USDT,125640.72481999999,1.8636693765437895
2025-04-08 07:42:00,XRPUSD,2232.0,1.8641879032258064,Buy,XRP/USDT,167024.28353999995,1.8652700226907124
2025-04-08 07:43:00,XRPUSD,3745.80301606,1.8629196136507435,Buy,XRP/USDT,99282.64710999974,1.863396066238102
2025-04-08 07:44:00,XRPUSD,25405.39331908,1.8644179903285873,Buy,XRP/USDT,118446.99659000016,1.8641919865754086
2025-04-08 07:45:00,XRPUSD,20692.81191043,1.8650078244678532,Buy,XRP/USDT,147679.73167000007,1.865645158850766
2025-04-08 07:46:00,XRPUSD,33370.728690020005,1.8680585297014278,Buy,XRP/USDT,137875.0882499999,1.8682430552429203
2025-04-08 07:47:00,XRPUSD,916.02139037,1.8698564444003358,Buy,XRP/USDT,161935.23259999973,1.8697664432940666
2025-04-08 07:48:00,XRPUSD,7341.28226455,1.8667099686783668,Buy,XRP/USDT,107922.9848300001,1.8666421904812556
2025-04-08 07:49:00,XRPUSD,2432.285,1.8608847484114734,Buy,XRP/USDT,103556.0152600001,1.8618387041155657
2025-04-08 07:50:00,XRPUSD,12377.12181934,1.8545013715424428,Buy,XRP/USDT,108507.30181000015,1.855808526002874
2025-04-08 07:51:00,XRPUSD,12849.370453,1.8575699219660893,Buy,XRP/USDT,62488.03485000007,1.8583558401682572
2025-04-08 07:52:00,XRPUSD,13469.68406336,1.8612490613679276,Buy,XRP/USDT,56009.67405000012,1.861236882613993
2025-04-08 07:53:00,XRPUSD,3604.1049514600004,1.8623376732804808,Buy,XRP/USDT,77712.97917999997,1.8626127607427703
2025-04-08 07:54:00,XRPUSD,1477.6632715599999,1.8621567815942655,Buy,XRP/USDT,82019.13147000004,1.862734515005744
2025-04-08 07:55:00,XRPUSD,3467.99359731,1.862200198937804,Buy,XRP/USDT,77742.6992000001,1.8631721530445926
2025-04-08 07:56:00,XRPUSD,2511.88553973,1.8659947489872668,Buy,XRP/USDT,104072.76841000002,1.8668564318831353
2025-04-08 07:57:00,XRPUSD,2254.78292736,1.868088478721001,Buy,XRP/USDT,73432.35999000004,1.8680115785963929
2025-04-08 07:58:00,XRPUSD,5897.44963827,1.8695800351647127,Buy,XRP/USDT,68428.95309000005,1.8698663562541038
2025-04-08 07:59:00,XRPUSD,4789.179,1.8675412390996455,Buy,XRP/USDT,125463.73149000015,1.8680999259461561
2025-04-08 08:00:00,XRPUSD,4194.148719979999,1.8663269963037243,Buy,XRP/USDT,142370.48215,1.8668554449629473
2025-04-08 08:01:00,XRPUSD,848.192,1.8653865279559345,Buy,XRP/USDT,118532.20055000008,1.8656102682476106
2025-04-08 08:02:00,XRPUSD,776.64527031,1.8645695819592112,Buy,XRP/USDT,122182.16956000014,1.8650100540522394
2025-04-08 08:03:00,XRPUSD,7040.10116009,1.8653702824606535,Buy,XRP/USDT,103473.4056799998,1.8660512631205546
2025-04-08 08:04:00,XRPUSD,4540.30335912,1.868412997817598,Buy,XRP/USDT,102328.22771999992,1.8687794243880864
2025-04-08 08:05:00,XRPUSD,2655.0,1.862431450094162,Buy,XRP/USDT,126970.85897999993,1.8638182241218635
2025-04-08 08:06:00,XRPUSD,2369.0,1.8614913212325872,Buy,XRP/USDT,133055.90122000006,1.8610950112755082
2025-04-08 08:07:00,XRPUSD,1619.9464886599999,1.8603694091900445,Buy,XRP/USDT,115803.94397999995,1.8610845214355467
2025-04-08 08:08:00,XRPUSD,2370.7911735400003,1.8603584943395406,Buy,XRP/USDT,76301.89712000014,1.8605399360188237
2025-04-08 08:09:00,XRPUSD,467.03345816,1.8588076704045766,Buy,XRP/USDT,89557.17136000004,1.8596164334352718
2025-04-08 08:10:00,XRPUSD,2371.28294,1.8599690681062293,Buy,XRP/USDT,92316.03537000017,1.8595558714548122
2025-04-08 08:11:00,XRPUSD,3437.87234157,1.860330436278593,Buy,XRP/USDT,119350.23888,1.8588213681675152
2025-04-08 08:12:00,XRPUSD,2959.0,1.8605264959607937,Buy,XRP/USDT,142743.58015999984,1.857624748734884
2025-04-08 08:13:00,XRPUSD,224.78992006,1.8554743862394718,Buy,XRP/USDT,126982.48406000012,1.8555359450869517
2025-04-08 08:14:00,XRPUSD,3155.08353127,1.8543464938976035,Buy,XRP/USDT,163916.60660000006,1.855177915939959
2025-04-08 08:15:00,XRPUSD,1814.59749083,1.855927865970073,Buy,XRP/USDT,147662.74606000003,1.8557752490311121
2025-04-08 08:16:00,XRPUSD,491.842468,1.8564181297626376,Buy,XRP/USDT,132150.5825500001,1.8566044294346953
2025-04-08 08:17:00,XRPUSD,1202.0,1.8561889600665558,Buy,XRP/USDT,88457.41332000018,1.8570835658010616
2025-04-08 08:18:00,XRPUSD,604.27037733,1.8577678578797598,Buy,XRP/USDT,115352.92938000013,1.8578905435424524
2025-04-08 08:19:00,XRPUSD,2696.8392884100003,1.8540249998562583,Buy,XRP/USDT,83871.39239000007,1.8565267914283703
2025-04-08 08:20:00,XRPUSD,5069.6940429999995,1.8578787550036295,Buy,XRP/USDT,103627.38417999995,1.8574975517846148
2025-04-08 08:21:00,XRPUSD,6074.0,1.858669666403217,Buy,XRP/USDT,75982.74938000001,1.8597197066297244
2025-04-08 08:22:00,XRPUSD,472.0,1.8574523728813561,Buy,XRP/USDT,88727.08454999999,1.8580026948325132
2025-04-08 08:23:00,XRPUSD,1447.0,1.8523792398064962,Buy,XRP/USDT,80101.92883000008,1.8531862725911803
2025-04-08 08:24:00,XRPUSD,145.0,1.85353,Buy,XRP/USDT,78111.93616999997,1.8528224354111038
2025-04-08 08:25:00,XRPUSD,488.0,1.8524093647540985,Buy,XRP/USDT,94860.54790000003,1.8532459838150566
2025-04-08 08:26:00,XRPUSD,2173.679,1.8541100589001411,Buy,XRP/USDT,94227.52562000015,1.8548629121235458
2025-04-08 08:27:00,XRPUSD,1914.6723299999999,1.854734587281512,Buy,XRP/USDT,101909.10527999993,1.8553667872361217
2025-04-08 08:28:00,XRPUSD,11544.292377419999,1.856455640601716,Buy,XRP/USDT,89052.75742,1.8571076834459068
2025-04-08 08:29:00,XRPUSD,285.78905048999997,1.8571471089607963,Buy,XRP/USDT,68952.30609000007,1.857427719536165
2025-04-08 08:30:00,XRPUSD,3604.81802815,1.8579038110846404,Buy,XRP/USDT,76344.15682000008,1.8590954649072022
2025-04-08 08:31:00,XRPUSD,3344.0519999999997,1.861535993892728,Buy,XRP/USDT,88479.6023500001,1.8613661069534264
2025-04-08 08:32:00,XRPUSD,1056.0,1.860813181818182,Buy,XRP/USDT,78932.78652000014,1.8614007352344335
2025-04-08 08:33:00,XRPUSD,5313.89473745,1.8618590814720066,Buy,XRP/USDT,83249.25099000006,1.8613091297089968
2025-04-08 08:34:00,XRPUSD,10970.063016270002,1.860661604124382,Buy,XRP/USDT,107591.27669000012,1.8616580552352882
2025-04-08 08:35:00,XRPUSD,11359.76171629,1.8609448289890156,Buy,XRP/USDT,124005.91737999991,1.8616083073618646
2025-04-08 08:36:00,XRPUSD,740.957797,1.8586822350631125,Buy,XRP/USDT,146234.09345999995,1.8597786208484772
2025-04-08 08:37:00,XRPUSD,2467.54975,1.8593901043793553,Buy,XRP/USDT,124068.9409799999,1.8610515108169938
2025-04-08 08:38:00,XRPUSD,1093.7599247399999,1.8610842692828133,Buy,XRP/USDT,125698.60591000006,1.8632327546843217
2025-04-08 08:39:00,XRPUSD,347.0,1.86482,Buy,XRP/USDT,99646.50455000003,1.8648709385219493
2025-04-08 08:40:00,XRPUSD,4529.74759404,1.864462825396161,Buy,XRP/USDT,95865.32200000006,1.8646482289888573
2025-04-08 08:41:00,XRPUSD,583.3050933100001,1.8651621513900873,Buy,XRP/USDT,133630.0957600002,1.8652855955707668
2025-04-08 08:42:00,XRPUSD,2028.0,1.866212479249716,Buy,XRP/USDT,73134.37739000018,1.8662386449330293
2025-04-08 08:43:00,XRPUSD,455.0,1.8663632307692306,Buy,XRP/USDT,117070.36329999991,1.8669609872162067
2025-04-08 08:44:00,XRPUSD,3798.27168132,1.869080223661908,Buy,XRP/USDT,71779.80867000013,1.8687301545290962
2025-04-08 08:45:00,XRPUSD,5000.0,1.867873826808201,Buy,XRP/USDT,98125.80167999998,1.8672629500817415
2025-04-08 08:46:00,XRPUSD,2605.8430061,1.865313878495568,Buy,XRP/USDT,87604.14296000003,1.8657534281392867
2025-04-08 08:47:00,XRPUSD,1072.0,1.865600667807349,Buy,XRP/USDT,95653.08948000001,1.8664801194794456
2025-04-08 08:48:00,XRPUSD,1118.3310000000001,1.8657835054111884,Buy,XRP/USDT,107778.45597999998,1.8661426953166391
2025-04-08 08:49:00,XRPUSD,699.91313133,1.8653526705189967,Buy,XRP/USDT,146877.21000999998,1.8655432325078944
2025-04-08 08:50:00,XRPUSD,283.88,1.8639322164294772,Buy,XRP/USDT,128282.36308999993,1.8662958178737052
2025-04-08 08:51:00,XRPUSD,549.98673399,1.868005299700156,Buy,XRP/USDT,112308.50843999989,1.868345190637602
2025-04-08 08:52:00,XRPUSD,4426.10010706,1.8694429026282822,Buy,XRP/USDT,83622.05078000006,1.8695238704439892
2025-04-08 08:53:00,XRPUSD,2.0,1.86472,Buy,XRP/USDT,92748.82141999993,1.865483220653479
2025-04-08 08:54:00,XRPUSD,1980.5638815099999,1.8674420626600223,Buy,XRP/USDT,123451.67799999994,1.8683646831036196
2025-04-08 08:55:00,XRPUSD,431.18944043,1.8702586300827075,Buy,XRP/USDT,110036.18082000005,1.8708872383408
2025-04-08 08:56:00,XRPUSD,1658.0,1.8718887213510254,Buy,XRP/USDT,100373.08779000005,1.8728220464037955
2025-04-08 08:57:00,XRPUSD,2736.1384341,1.8735568726794862,Buy,XRP/USDT,60758.700450000026,1.8734414972491285
2025-04-08 08:58:00,XRPUSD,1621.3823719999998,1.8736522121413817,Buy,XRP/USDT,73643.42479000015,1.8741180702676872
2025-04-08 08:59:00,XRPUSD,19096.0,1.872400092134306,Buy,XRP/USDT,74060.38638000004,1.8730933149117306
2025-04-08 09:00:00,XRPUSD,10158.562088,1.872966012112074,Buy,XRP/USDT,112314.7406099999,1.873809478977608
2025-04-08 09:01:00,XRPUSD,2264.0,1.8717690812720849,Buy,XRP/USDT,152450.26503999997,1.8707794979688404
2025-04-08 09:02:00,XRPUSD,2267.951983,1.8694792989638043,Buy,XRP/USDT,118608.10355000013,1.8694470220770094
2025-04-08 09:03:00,XRPUSD,21294.75370538,1.8688364483935835,Buy,XRP/USDT,127391.59882999989,1.869411949569023
2025-04-08 09:04:00,XRPUSD,136.44535383,1.8705186097601585,Buy,XRP/USDT,133010.28472999996,1.8721184819207433
2025-04-08 09:05:00,XRPUSD,142.04940528,1.876837246682949,Buy,XRP/USDT,107091.52105000013,1.8765665270346166
2025-04-08 09:06:00,XRPUSD,63.0,1.8756203174603177,Buy,XRP/USDT,73552.44856999996,1.8758898640064523
2025-04-08 09:07:00,XRPUSD,36.0,1.8708900000000002,Buy,XRP/USDT,85134.23898999998,1.8725942887803857
2025-04-08 09:08:00,XRPUSD,674.706928,1.8725665854974,Buy,XRP/USDT,85235.73892000005,1.8739158925950852
2025-04-08 09:09:00,XRPUSD,1605.68943093,1.8739696895624627,Buy,XRP/USDT,58166.093970000016,1.8743485828290813
2025-04-08 09:10:00,XRPUSD,2573.0,1.8771396463272443,Buy,XRP/USDT,94548.00962,1.876905347867381
2025-04-08 09:11:00,XRPUSD,635.3706500000001,1.8765378985903736,Buy,XRP/USDT,61262.69040000005,1.876581733292305
2025-04-08 09:12:00,XRPUSD,13618.712232849999,1.8721445193214226,Buy,XRP/USDT,109048.4521,1.8742586620814548
2025-04-08 09:13:00,XRPUSD,2386.9755117,1.8736303168494053,Buy,XRP/USDT,94563.41147000005,1.8740926696878428
2025-04-08 09:14:00,XRPUSD,1618.0,1.8749868025892202,Buy,XRP/USDT,91364.04987999999,1.8750907784764523
2025-04-08 09:15:00,XRPUSD,2066.0,1.8735704356243954,Buy,XRP/USDT,99953.70526000008,1.873951716968209
2025-04-08 09:16:00,XRPUSD,1177.098225,1.8739913093010994,Buy,XRP/USDT,127059.58150999996,1.8741909855074932
2025-04-08 09:17:00,XRPUSD,1809.5695369999999,1.8732644940619545,Buy,XRP/USDT,118057.40552000029,1.8738200742960627
2025-04-08 09:18:00,XRPUSD,780.039604,1.874378276172808,Buy,XRP/USDT,132798.02387999985,1.873694498084906
2025-04-08 09:19:00,XRPUSD,207.142644,1.8743824833785554,Buy,XRP/USDT,149830.28726000024,1.8725076904335627
2025-04-08 09:20:00,XRPUSD,167.558,1.8717648997958913,Buy,XRP/USDT,97813.74959999992,1.8718361691785457
2025-04-08 09:21:00,XRPUSD,5185.587096,1.8720160019734045,Buy,XRP/USDT,81611.55522000002,1.8730593644897409
2025-04-08 09:22:00,XRPUSD,1646.232562,1.8756704086837033,Buy,XRP/USDT,81148.76455000004,1.8751913113062852
2025-04-08 09:23:00,XRPUSD,3697.6268593,1.875428709700665,Buy,XRP/USDT,115146.1244000002,1.8756455891944672
2025-04-08 09:24:00,XRPUSD,1195.63706577,1.8735022367285414,Buy,XRP/USDT,94022.33573000015,1.8740964739362844
2025-04-08 09:25:00,XRPUSD,5076.324175,1.869924424037629,Buy,XRP/USDT,109660.89710999999,1.8704210402304142
2025-04-08 09:26:00,XRPUSD,2799.51286953,1.8691972121717155,Buy,XRP/USDT,113376.46389999989,1.8702493358124705
2025-04-08 09:27:00,XRPUSD,3465.757,1.8705808893526,Buy,XRP/USDT,89630.25349999995,1.8708483888148546
2025-04-08 09:28:00,XRPUSD,1394.0,1.8694448923959828,Buy,XRP/USDT,87834.86797000006,1.8686200707166627
2025-04-08 09:29:00,XRPUSD,2057.109,1.8671950501115884,Buy,XRP/USDT,84927.60045000006,1.8669875960813784
2025-04-08 09:30:00,XRPUSD,434.571,1.866384795234841,Buy,XRP/USDT,82943.08644000004,1.8672873722705996
2025-04-08 09:31:00,XRPUSD,7925.363324190001,1.867365499739097,Buy,XRP/USDT,75158.17543000009,1.867877164764397
2025-04-08 09:32:00,XRPUSD,4565.75893352,1.8677744370515743,Buy,XRP/USDT,90208.11177000005,1.8698930589309481
2025-04-08 09:33:00,XRPUSD,1471.8840206,1.8721249773503685,Buy,XRP/USDT,111476.32582000001,1.8721617616333743
2025-04-08 09:34:00,XRPUSD,1019.04333048,1.8722307238844447,Buy,XRP/USDT,87358.11078999998,1.8727678518643895
2025-04-08 09:36:00,XRPUSD,8655.85927101,1.8755551670709605,Buy,XRP/USDT,82884.76849000003,1.877385073143203
2025-04-08 09:37:00,XRPUSD,24266.459251459997,1.8813407270919102,Buy,XRP/USDT,82253.95809000007,1.8835158849519884
2025-04-08 09:38:00,XRPUSD,1921.85357934,1.8831661408475922,Buy,XRP/USDT,103282.20370000006,1.8837176238646365
2025-04-08 09:39:00,XRPUSD,2112.650717,1.8831440799170374,Buy,XRP/USDT,114036.01714000004,1.8822199490455338
2025-04-08 09:40:00,XRPUSD,23743.985527490007,1.8852410402279676,Buy,XRP/USDT,103585.61531999998,1.8848089807736224
2025-04-08 09:41:00,XRPUSD,12688.59105203,1.8866422726357852,Buy,XRP/USDT,137805.54829999997,1.8868805169766056
2025-04-08 09:42:00,XRPUSD,3005.931059,1.888262530174785,Buy,XRP/USDT,113381.54652,1.887914710988427
2025-04-08 09:43:00,XRPUSD,341.0,1.8846900000000002,Buy,XRP/USDT,178220.5359400004,1.88599726018601
2025-04-08 09:44:00,XRPUSD,344.0,1.8843,Buy,XRP/USDT,111490.03893,1.8842065239638754
2025-04-08 09:45:00,XRPUSD,709.2781600000001,1.8830427509568322,Buy,XRP/USDT,109261.47429999994,1.8842890278061468
2025-04-08 09:46:00,XRPUSD,992.0,1.8794087197580647,Buy,XRP/USDT,153427.9247100001,1.8797349551366136
2025-04-08 09:47:00,XRPUSD,1428.94557244,1.8809171835399439,Buy,XRP/USDT,126546.3042099999,1.880127513314257
2025-04-08 09:48:00,XRPUSD,38.97736077,1.88169,Buy,XRP/USDT,112637.51309000001,1.8807788946178088
2025-04-08 09:49:00,XRPUSD,8159.0,1.882467255559444,Buy,XRP/USDT,127806.47395000004,1.8818414010832436
2025-04-08 09:50:00,XRPUSD,3292.642,1.8808504148097487,Buy,XRP/USDT,133180.86038,1.8813934797521452
2025-04-08 09:51:00,XRPUSD,3375.12843267,1.8809423648450556,Buy,XRP/USDT,112470.3964700001,1.8814540485757763
2025-04-08 09:52:00,XRPUSD,5872.0,1.8812670827272007,Buy,XRP/USDT,100971.89285000009,1.8808481663452927
2025-04-08 09:53:00,XRPUSD,1471.2859499099998,1.8809409991237735,Buy,XRP/USDT,111617.85492000007,1.8801947669950945
2025-04-08 09:54:00,XRPUSD,697.183,1.8772865832213348,Buy,XRP/USDT,248150.9819499998,1.877782784664783
2025-04-08 09:55:00,XRPUSD,3094.217961,1.8764423648682194,Buy,XRP/USDT,147862.7469799998,1.8767475502076114
2025-04-08 09:56:00,XRPUSD,1238.766,1.8767780074525777,Buy,XRP/USDT,179729.34066999983,1.8770631837282334
2025-04-08 09:57:00,XRPUSD,730.82573146,1.876366071056156,Buy,XRP/USDT,225166.4725899998,1.8774385788962427
2025-04-08 09:58:00,XRPUSD,182.06,1.875610764143689,Buy,XRP/USDT,215789.08421000003,1.8770703737399743
2025-04-08 09:59:00,XRPUSD,1600.36790139,1.8751333877241139,Buy,XRP/USDT,222155.97897,1.876590607126492
2025-04-08 10:00:00,XRPUSD,898.0,1.872458919821826,Buy,XRP/USDT,192402.06009000007,1.8749832527886394
2025-04-08 10:01:00,XRPUSD,4650.2765534499995,1.8721815828394668,Buy,XRP/USDT,221099.03868999984,1.8732201870706888
2025-04-08 10:02:00,XRPUSD,1476.23574,1.8743278155827603,Buy,XRP/USDT,196638.55178999988,1.8776344555974065
2025-04-08 10:03:00,XRPUSD,1229.1943938699999,1.880880394307287,Buy,XRP/USDT,133706.41732999997,1.8808487424937501
2025-04-08 10:04:00,XRPUSD,2818.52,1.8785630206848984,Buy,XRP/USDT,155439.34139999986,1.87943928104065
2025-04-08 10:05:00,XRPUSD,935.2048725499999,1.8803883956107479,Buy,XRP/USDT,202496.79977999974,1.8810242765416774
2025-04-08 10:06:00,XRPUSD,972.633,1.8806459833462363,Buy,XRP/USDT,129564.31910000012,1.8818831967355727
2025-04-08 10:07:00,XRPUSD,1484.6612850000001,1.8849503724410783,Buy,XRP/USDT,107148.92093999973,1.883108739515605
2025-04-08 10:08:00,XRPUSD,21743.605811,1.8791010893033917,Buy,XRP/USDT,161551.99824999977,1.88051956139723
2025-04-08 10:09:00,XRPUSD,400.97706347999997,1.880150650478617,Buy,XRP/USDT,140126.59994000001,1.8803596082435405
2025-04-08 10:10:00,XRPUSD,1980.0005959999999,1.88073061212121,Buy,XRP/USDT,124465.26224000003,1.8823100330026201
2025-04-08 10:11:00,XRPUSD,1889.13553258,1.8785919137204985,Buy,XRP/USDT,102386.03065000002,1.879719229602045
2025-04-08 10:12:00,XRPUSD,761.59288239,1.8790977894713228,Buy,XRP/USDT,136865.07750000022,1.8799068581993068
2025-04-08 10:13:00,XRPUSD,14580.83224105,1.8790714861911986,Buy,XRP/USDT,104907.91625999995,1.8794841589999274
2025-04-08 10:14:00,XRPUSD,3196.0,1.8794999415945872,Buy,XRP/USDT,173961.71946000014,1.879489253526184
2025-04-08 10:15:00,XRPUSD,2045.0,1.8791329779951103,Buy,XRP/USDT,183356.0829699998,1.879411282698529
2025-04-08 10:16:00,XRPUSD,7281.22150346,1.8808451646315054,Buy,XRP/USDT,136523.45174000008,1.880952001489938
2025-04-08 10:17:00,XRPUSD,2749.6188429100002,1.8837568899250479,Buy,XRP/USDT,116086.91450999983,1.8830767693584118
2025-04-08 10:18:00,XRPUSD,1269.0,1.8840021434200156,Buy,XRP/USDT,107018.65365999988,1.8842623298507482
2025-04-08 10:19:00,XRPUSD,7709.5533190900005,1.8830736190437585,Buy,XRP/USDT,133357.8504300001,1.8839945105234848
2025-04-08 10:20:00,XRPUSD,8014.01728328,1.884341931641254,Buy,XRP/USDT,123832.36654000015,1.8843188682991099
2025-04-08 10:21:00,XRPUSD,701.43462,1.8821356116403263,Buy,XRP/USDT,171649.0563800001,1.8827620531911018
2025-04-08 10:22:00,XRPUSD,656.203,1.8872642975725498,Buy,XRP/USDT,173963.60362000004,1.8869134011000648
2025-04-08 10:23:00,XRPUSD,2863.0,1.8865281487949705,Buy,XRP/USDT,196003.56309000019,1.8871488640458847
2025-04-08 10:24:00,XRPUSD,6515.046,1.8859676031420194,Buy,XRP/USDT,132714.50104,1.8866925984816039
2025-04-08 10:25:00,XRPUSD,450.0,1.8823129333333333,Buy,XRP/USDT,134561.48598999984,1.8827649759605187
2025-04-08 10:26:00,XRPUSD,86.0,1.8830062790697673,Buy,XRP/USDT,164209.72645999983,1.8829191402103842
2025-04-08 10:27:00,XRPUSD,3149.0,1.883290536910915,Buy,XRP/USDT,132454.79179000013,1.8837853171325625
2025-04-08 10:28:00,XRPUSD,279.9948826,1.8839189280035433,Buy,XRP/USDT,145681.08218000006,1.8842190471348068
2025-04-08 10:29:00,XRPUSD,1385.0,1.8841828014440436,Buy,XRP/USDT,156822.90748000005,1.8840059773423754
2025-04-08 10:30:00,XRPUSD,1748.968619,1.8832604329736091,Buy,XRP/USDT,99415.71596000009,1.883718903667113
2025-04-08 10:31:00,XRPUSD,251.0,1.8835536254980079,Buy,XRP/USDT,139057.55995,1.8845031893409876
2025-04-08 10:32:00,XRPUSD,989.273,1.8830070643492745,Buy,XRP/USDT,167266.1222599999,1.8825802057723156
2025-04-08 10:33:00,XRPUSD,1548.85031965,1.8817034811885511,Buy,XRP/USDT,150234.85148999997,1.8831368007177862
2025-04-08 10:34:00,XRPUSD,1137.753692,1.8850764233367658,Buy,XRP/USDT,133830.31708000004,1.8861271207830748
2025-04-08 10:35:00,XRPUSD,1952.43077966,1.8872434009257961,Buy,XRP/USDT,174235.83908000003,1.8877807926197003
2025-04-08 10:36:00,XRPUSD,764.057041,1.889497430320127,Buy,XRP/USDT,161276.4595500001,1.890075140093278
2025-04-08 10:37:00,XRPUSD,4207.022964,1.8880064590938568,Buy,XRP/USDT,156997.90439000013,1.8887601830746457
2025-04-08 10:38:00,XRPUSD,5367.29959591,1.8909271962723122,Buy,XRP/USDT,176942.05686999988,1.891592230734207
2025-04-08 10:39:00,XRPUSD,3586.51811035,1.8946418113008276,Buy,XRP/USDT,178578.4560399999,1.8948692626404522
2025-04-08 10:40:00,XRPUSD,2074.12363383,1.8939263531559785,Buy,XRP/USDT,131115.39145,1.8937572434477712
2025-04-08 10:44:00,XRPUSD,43939.23932939999,1.8890237137062187,Buy,XRP/USDT,131388.56504999992,1.8898390599835069
2025-04-08 10:45:00,XRPUSD,62.0,1.89171,Buy,XRP/USDT,119136.97053999995,1.887530191506221
2025-04-08 10:46:00,XRPUSD,111.405196,1.8892,Buy,XRP/USDT,123972.7036999999,1.8890079487517297
2025-04-08 10:47:00,XRPUSD,2493.05207132,1.8917000000000002,Buy,XRP/USDT,126769.63457,1.891424915701521
2025-04-08 10:48:00,XRPUSD,27771.256059059997,1.8924303401401827,Buy,XRP/USDT,104173.68846000018,1.8923437523344508
2025-04-08 10:49:00,XRPUSD,5087.757306179999,1.8936825540580242,Buy,XRP/USDT,122673.35625999993,1.8921862587165996
2025-04-08 10:50:00,XRPUSD,1719.02808284,1.8908953484874773,Buy,XRP/USDT,137667.59263,1.8909983168145441
2025-04-08 10:51:00,XRPUSD,5088.8103857,1.8913745579540842,Buy,XRP/USDT,128707.52460000015,1.8917558462832655
2025-04-08 10:52:00,XRPUSD,2715.0,1.890350806629834,Buy,XRP/USDT,101440.51557999995,1.8909069460119148
2025-04-08 10:53:00,XRPUSD,2407.01986,1.8907791938881637,Buy,XRP/USDT,129608.29269000005,1.8904871023977265
2025-04-08 10:54:00,XRPUSD,474.528507,1.8903174379085725,Buy,XRP/USDT,128369.77285000017,1.8903148488563037
2025-04-08 10:55:00,XRPUSD,5501.25121208,1.8892307279065823,Buy,XRP/USDT,109759.50928999991,1.889713094397926
2025-04-08 10:56:00,XRPUSD,586.9153719999999,1.8899212145695854,Buy,XRP/USDT,180623.59133999975,1.8906222272074462
2025-04-08 10:57:00,XRPUSD,2690.22471974,1.8910456301137064,Buy,XRP/USDT,141080.47352000015,1.8907702376658806
2025-04-08 10:58:00,XRPUSD,2361.549,1.89176339616074,Buy,XRP/USDT,104065.91711000015,1.891857427175018
2025-04-08 10:59:00,XRPUSD,3294.0,1.8904349700566871,Buy,XRP/USDT,154363.91324000002,1.891157466594212
2025-04-08 11:00:00,XRPUSD,33013.45872451,1.8917692116863611,Buy,XRP/USDT,120114.25058999997,1.892430609993004
2025-04-08 11:01:00,XRPUSD,23911.62042043,1.893984550754685,Buy,XRP/USDT,177937.72666,1.8947303372125235
2025-04-08 11:02:00,XRPUSD,22198.7444486,1.894943855453127,Buy,XRP/USDT,140445.56452000004,1.89536543195314
2025-04-08 11:03:00,XRPUSD,9625.9392091,1.8935019080265427,Buy,XRP/USDT,133868.92976000003,1.8946797828632391
2025-04-08 11:04:00,XRPUSD,8725.453000000001,1.8945845019822476,Buy,XRP/USDT,150439.12460999965,1.8947818698571735
2025-04-08 11:05:00,XRPUSD,7712.43523036,1.8909567361381634,Buy,XRP/USDT,164163.31295999998,1.8904541442135419
2025-04-08 11:06:00,XRPUSD,208.0,1.88727,Buy,XRP/USDT,118643.48594000001,1.8883672537685636
2025-04-08 11:07:00,XRPUSD,165.608,1.891491551615864,Buy,XRP/USDT,123904.53252000002,1.8907076702644763
2025-04-08 11:08:00,XRPUSD,11815.7757747,1.8962719817816334,Buy,XRP/USDT,153471.63652999996,1.8967554331630279
2025-04-08 11:09:00,XRPUSD,5818.5714882,1.9019853601634993,Buy,XRP/USDT,136121.44213000013,1.9022378742345074
2025-04-08 11:10:00,XRPUSD,1494.416,1.9025786769413602,Buy,XRP/USDT,124138.67730999998,1.9019196945084527
2025-04-08 11:11:00,XRPUSD,4953.06679938,1.9016518984609596,Buy,XRP/USDT,157703.8048399999,1.9032130930964652
2025-04-08 11:12:00,XRPUSD,1361.179625,1.9021295259872872,Buy,XRP/USDT,140186.42022000006,1.9023141758049207
2025-04-08 11:13:00,XRPUSD,1518.16640838,1.9011096007341552,Buy,XRP/USDT,153674.54537000004,1.8996263800183404
2025-04-08 11:14:00,XRPUSD,7706.48178659,1.8965442734218274,Buy,XRP/USDT,156891.18332,1.8989367333825031
2025-04-08 11:16:00,XRPUSD,293.0,1.90065,Buy,XRP/USDT,145647.31831000015,1.9000747404597584
2025-04-08 11:17:00,XRPUSD,134.453123,1.9054559226717984,Buy,XRP/USDT,161203.26701000013,1.9054646832769688
2025-04-08 11:18:00,XRPUSD,7111.794570000001,1.90434949481841,Buy,XRP/USDT,181271.53047999993,1.904449194816436
2025-04-08 11:19:00,XRPUSD,1942.94770195,1.9005831019464023,Buy,XRP/USDT,177087.62974999993,1.9017514537142262
2025-04-08 11:20:00,XRPUSD,2322.4502030000003,1.90143730743041,Buy,XRP/USDT,158962.21416000006,1.901881642033986
2025-04-08 11:21:00,XRPUSD,8746.605287719998,1.9026403525056905,Buy,XRP/USDT,116413.38334,1.9023530322622733
2025-04-08 11:22:00,XRPUSD,5908.0462186899995,1.9054872139612378,Buy,XRP/USDT,106366.70072000011,1.9067879116948225
2025-04-08 11:23:00,XRPUSD,14547.529309820002,1.906381772968012,Buy,XRP/USDT,137350.27597999998,1.9067315132941802
2025-04-08 11:24:00,XRPUSD,21378.41856,1.9047292366993525,Buy,XRP/USDT,121902.34284000013,1.905801317001877
2025-04-08 11:25:00,XRPUSD,13232.107075259999,1.9065175851692417,Buy,XRP/USDT,151285.52086999995,1.9075426281387964
2025-04-08 11:26:00,XRPUSD,8480.20676573,1.9092004629128174,Buy,XRP/USDT,151967.72029999996,1.9096932539546179
2025-04-08 11:27:00,XRPUSD,12481.75336124,1.910861588632351,Buy,XRP/USDT,106218.32872000006,1.9109638026762295
2025-04-08 11:28:00,XRPUSD,4434.07340538,1.9118315748957786,Buy,XRP/USDT,99449.19254999993,1.9116696225101855
2025-04-08 11:29:00,XRPUSD,15643.169400129998,1.9144060757552617,Buy,XRP/USDT,130099.03579999991,1.9144293821805178
2025-04-08 11:30:00,XRPUSD,2353.9028403400002,1.9195740405161055,Buy,XRP/USDT,106592.92844000009,1.9192959898107322
2025-04-08 11:31:00,XRPUSD,8936.963730779999,1.9219156995784143,Buy,XRP/USDT,126366.55425000016,1.921768603148723
2025-04-08 11:32:00,XRPUSD,6151.311085689999,1.9288233293525796,Buy,XRP/USDT,141641.75704999996,1.9283421596348371
2025-04-08 11:33:00,XRPUSD,18171.973453220002,1.9264368716711735,Buy,XRP/USDT,132954.53123000005,1.9260328670531002
2025-04-08 11:34:00,XRPUSD,82.196,1.9215705102438074,Buy,XRP/USDT,138788.46643999993,1.9234349044792207
2025-04-08 11:35:00,XRPUSD,8011.234442059999,1.9261624850414485,Buy,XRP/USDT,139486.78704000002,1.9276981491638834
2025-04-08 11:36:00,XRPUSD,2744.09845534,1.9248315612224618,Buy,XRP/USDT,108731.46010000004,1.9265022026045633
2025-04-08 11:37:00,XRPUSD,39642.353777159995,1.9270818144773807,Buy,XRP/USDT,137155.21042999998,1.9269159439449852
2025-04-08 11:38:00,XRPUSD,2975.9080365,1.9269892095682224,Buy,XRP/USDT,136927.55734000006,1.9277230491302866
2025-04-08 11:39:00,XRPUSD,7889.96047433,1.9281291905433433,Buy,XRP/USDT,127059.51002000005,1.928644126689329
2025-04-08 11:40:00,XRPUSD,4304.33298394,1.928789195754553,Buy,XRP/USDT,104248.60409000001,1.9272854470811904
2025-04-08 11:41:00,XRPUSD,1418.7945459999999,1.926236195852422,Buy,XRP/USDT,118495.78676999995,1.9261097075549471
2025-04-08 11:42:00,XRPUSD,15243.886449049998,1.930724703986394,Buy,XRP/USDT,174043.20203999997,1.9294610158495042
2025-04-08 11:43:00,XRPUSD,4051.4676313400005,1.931129017079416,Buy,XRP/USDT,139665.43826,1.9306807954708125
2025-04-08 11:44:00,XRPUSD,101.80532606,1.92916,Buy,XRP/USDT,109177.25213,1.9284043008859204
2025-04-08 11:45:00,XRPUSD,11136.354523529999,1.9352076888893244,Buy,XRP/USDT,125120.61842000009,1.9320010882901915
2025-04-08 11:46:00,XRPUSD,25337.176156960002,1.9364147573962207,Buy,XRP/USDT,136696.26246999996,1.9382452331562783
2025-04-08 11:47:00,XRPUSD,40204.7280156,1.9359434933853872,Buy,XRP/USDT,153152.50639000002,1.9364468180878573
2025-04-08 11:48:00,XRPUSD,10930.36004268,1.9368966329692343,Buy,XRP/USDT,106992.77227000004,1.937544547873738
2025-04-08 11:49:00,XRPUSD,25192.962243460002,1.9392485951698644,Buy,XRP/USDT,138671.15069000013,1.9396142780832657
2025-04-08 11:50:00,XRPUSD,32138.789940460003,1.942670398628285,Buy,XRP/USDT,147828.53937999997,1.9422786070033693
2025-04-08 11:51:00,XRPUSD,40556.93689864,1.958544223953038,Buy,XRP/USDT,131189.4511700001,1.9533333581180434
2025-04-08 11:52:00,XRPUSD,14579.138296019999,1.9574394027229518,Buy,XRP/USDT,125332.27632000006,1.9572393814499505
2025-04-08 11:53:00,XRPUSD,33957.37515745,1.9645928550388883,Buy,XRP/USDT,130107.8115600001,1.964094365776668
2025-04-08 11:54:00,XRPUSD,6395.2835182,1.9602623435317648,Buy,XRP/USDT,60193.45675999996,1.9574312067436999
2025-04-08 11:55:00,XRPUSD,6146.71961581,1.9496649880649335,Buy,XRP/USDT,78734.32984000006,1.950547909733215
2025-04-08 11:56:00,XRPUSD,15588.21079924,1.9464842896681773,Buy,XRP/USDT,66406.22456999998,1.947955954595308
2025-04-08 11:57:00,XRPUSD,34300.5973203,1.9532396048728269,Buy,XRP/USDT,80138.67654999999,1.95283197786403
2025-04-08 11:58:00,XRPUSD,20922.568648509998,1.9611542495227632,Buy,XRP/USDT,83944.48625999993,1.957786775744547
2025-04-08 11:59:00,XRPUSD,50651.15620027,1.9562211151612416,Buy,XRP/USDT,93510.21497000015,1.9568342943601031
2025-04-08 12:00:00,XRPUSD,49662.25539034,1.9653174832454319,Buy,XRP/USDT,122171.51290000003,1.9643473192624032
2025-04-08 12:01:00,XRPUSD,121583.83775814998,1.9550639443272009,Buy,XRP/USDT,90001.31792000004,1.953320769171686
2025-04-08 12:02:00,XRPUSD,4519.77313947,1.9555312798729343,Buy,XRP/USDT,98002.22882999996,1.9568008931150045
2025-04-08 12:03:00,XRPUSD,8944.490888,1.951795981124367,Buy,XRP/USDT,82951.95603000009,1.9503973675088995
2025-04-08 12:04:00,XRPUSD,11292.60547264,1.9488744635635662,Buy,XRP/USDT,56107.40497000008,1.9486602688534065
2025-04-08 12:05:00,XRPUSD,24939.586516590003,1.9501281014237033,Buy,XRP/USDT,92070.54594000007,1.9528299886209184
2025-04-08 12:06:00,XRPUSD,5474.6058455,1.9540424175217712,Buy,XRP/USDT,73810.73388999996,1.955240688697013
2025-04-08 12:07:00,XRPUSD,4802.600198,1.9533257614030108,Buy,XRP/USDT,71251.51897,1.9553450539286632
2025-04-08 12:08:00,XRPUSD,30718.83302688,1.9584287430900078,Buy,XRP/USDT,81695.83925000008,1.9562604332959161
2025-04-08 12:09:00,XRPUSD,10243.214888980001,1.9598228245241445,Buy,XRP/USDT,104692.41569000007,1.9617760890221458
2025-04-08 12:10:00,XRPUSD,25132.61148092,1.9616819105985792,Buy,XRP/USDT,86092.17047000006,1.9623177955386746
2025-04-08 12:11:00,XRPUSD,55566.12445205,1.9661302784084418,Buy,XRP/USDT,80074.96906000002,1.9658553482939145
2025-04-08 12:12:00,XRPUSD,11798.46396674,1.9676027472789546,Buy,XRP/USDT,94447.38792000001,1.9656806985994033
2025-04-08 12:13:00,XRPUSD,18495.785046380006,1.9598012502039874,Buy,XRP/USDT,81192.14084000008,1.9624385462781062
2025-04-08 12:14:00,XRPUSD,13413.767466940002,1.958146097987137,Buy,XRP/USDT,82117.27038000007,1.9572513264850304
2025-04-08 12:15:00,XRPUSD,15529.521392629997,1.9539934962310606,Buy,XRP/USDT,107344.74254000012,1.9530568119915548
2025-04-08 12:16:00,XRPUSD,10741.70697489,1.9470681650963784,Buy,XRP/USDT,56057.24090000001,1.948169901381661
2025-04-08 12:17:00,XRPUSD,5207.43768337,1.9473477425614054,Buy,XRP/USDT,47252.86418000003,1.9484712915241784
2025-04-08 12:18:00,XRPUSD,3284.75,1.949520981505442,Buy,XRP/USDT,31942.51078999999,1.9478490722211834
2025-04-08 12:19:00,XRPUSD,1000.0,1.948544513695137,Buy,XRP/USDT,44366.490309999994,1.9479542141286266
2025-04-08 12:20:00,XRPUSD,9093.44872089,1.9468829940480377,Buy,XRP/USDT,84659.24172000006,1.9486291590611269
2025-04-08 12:21:00,XRPUSD,7858.304589,1.9415383935910542,Buy,XRP/USDT,62407.96511,1.9435589816360097
2025-04-08 12:22:00,XRPUSD,11501.61463493,1.9411445083765062,Buy,XRP/USDT,68052.07545,1.9414180666350325
2025-04-08 12:23:00,XRPUSD,1260.04959329,1.9414957310507255,Buy,XRP/USDT,75242.74727999994,1.9417596215798076
2025-04-08 12:24:00,XRPUSD,33133.13404,1.9374921321445044,Buy,XRP/USDT,69077.93987000003,1.939496931055447
2025-04-08 12:25:00,XRPUSD,15889.63112873,1.9385861878503703,Buy,XRP/USDT,63691.697230000136,1.9396046936223177
2025-04-08 12:26:00,XRPUSD,7053.626966,1.9377745166687246,Buy,XRP/USDT,66402.32642999993,1.9373636854458862
2025-04-08 12:27:00,XRPUSD,1201.068844,1.9368525368266152,Buy,XRP/USDT,104466.12945000017,1.936849810474932
2025-04-08 12:28:00,XRPUSD,13698.762,1.9386089605162855,Buy,XRP/USDT,88825.26324,1.9419891006695529
2025-04-08 12:29:00,XRPUSD,14413.49619614,1.9421946938908234,Buy,XRP/USDT,79290.9264000001,1.9417904985371022
2025-04-08 12:30:00,XRPUSD,11908.498795149999,1.9429873881868935,Buy,XRP/USDT,97972.12130000006,1.9431099849275075
2025-04-08 12:31:00,XRPUSD,9044.090862000001,1.9418462995805237,Buy,XRP/USDT,124651.60746000003,1.9435754522250996
2025-04-08 12:32:00,XRPUSD,74621.34420962998,1.9401305062200793,Buy,XRP/USDT,72497.32601,1.940527072802597
2025-04-08 12:33:00,XRPUSD,54957.181219,1.938190336134325,Buy,XRP/USDT,58011.21530999999,1.9381109116814474
2025-04-08 12:34:00,XRPUSD,43960.927667,1.9362621844937788,Buy,XRP/USDT,64914.33568999996,1.9364161460994287
2025-04-08 12:35:00,XRPUSD,4266.466978,1.9364569593729726,Buy,XRP/USDT,94484.83539000004,1.9361542440516069
2025-04-08 12:37:00,XRPUSD,109039.2160964,1.934508426771397,Buy,XRP/USDT,113269.20627999994,1.9330994845342526
2025-04-08 12:38:00,XRPUSD,325.23999982000004,1.932612923189126,Buy,XRP/USDT,116620.34156000007,1.9330120667981208
2025-04-08 12:39:00,XRPUSD,54.740314690000005,1.9316229584094724,Buy,XRP/USDT,51943.46141999998,1.93262433041687
2025-04-08 12:41:00,XRPUSD,174.921631,1.9288738525043825,Buy,XRP/USDT,68276.59625000002,1.9291438185443759
2025-04-08 12:44:00,XRPUSD,741.30532706,1.9306951514518358,Buy,XRP/USDT,79015.32394000005,1.931839918189864
2025-04-08 12:45:00,XRPUSD,3904.56386959,1.936417183202069,Buy,XRP/USDT,108525.68267000013,1.9344620178939627
2025-04-08 12:46:00,XRPUSD,20894.161362590003,1.9391873990093473,Buy,XRP/USDT,57272.272460000015,1.938917720585832
2025-04-08 12:47:00,XRPUSD,737.39642592,1.939715236263798,Buy,XRP/USDT,102912.52124000007,1.9412795025874119
2025-04-08 12:48:00,XRPUSD,2847.9999810000004,1.9392897792891266,Buy,XRP/USDT,142286.86898999996,1.9388022164951237
2025-04-08 12:50:00,XRPUSD,3287.79641355,1.9386203785447873,Buy,XRP/USDT,110801.57319000002,1.9398811609705944
2025-04-08 12:51:00,XRPUSD,2066.53624382,1.9423821643467925,Buy,XRP/USDT,145487.52567,1.9417875539675844
2025-04-08 12:52:00,XRPUSD,10.0,1.9408,Buy,XRP/USDT,142159.12092999992,1.9427450450232857
2025-04-08 12:53:00,XRPUSD,66345.89440587,1.9475314017103953,Buy,XRP/USDT,122215.87609000005,1.9470390897329566
2025-04-08 12:54:00,XRPUSD,19016.6601,1.9490468518637074,Buy,XRP/USDT,100594.04246000006,1.94918048503055
2025-04-08 12:55:00,XRPUSD,40667.23825399999,1.9495353189479743,Buy,XRP/USDT,85621.51065999997,1.949736500070562
2025-04-08 12:56:00,XRPUSD,61.19977265,1.950456139732743,Buy,XRP/USDT,133823.29382999998,1.9493964846405154
2025-04-08 12:57:00,XRPUSD,6233.625222999998,1.950496877882956,Buy,XRP/USDT,123297.85187000006,1.9491143979632974
2025-04-08 12:58:00,XRPUSD,6703.232023840001,1.9567420783157836,Buy,XRP/USDT,129736.5677200001,1.954181124639928
2025-04-08 13:00:00,XRPUSD,760.2401619000001,1.9504311047062086,Buy,XRP/USDT,102783.13472,1.9519766242647627
2025-04-08 13:01:00,XRPUSD,25.95,1.9508899999999998,Buy,XRP/USDT,112206.03321000002,1.950625501619665
2025-04-08 13:02:00,XRPUSD,2007.53013332,1.9543981204709082,Buy,XRP/USDT,140661.01551999996,1.9531003573305754
2025-04-08 13:03:00,XRPUSD,10376.96110549,1.956874627879831,Buy,XRP/USDT,108634.28244000018,1.9575989663288669
2025-04-08 13:04:00,XRPUSD,18692.95227409,1.9604606453269546,Buy,XRP/USDT,93422.30892999996,1.9598653924883689
2025-04-08 13:05:00,XRPUSD,3192.9651219999996,1.9560075408809086,Buy,XRP/USDT,90192.45062000002,1.957210437358401
2025-04-08 13:06:00,XRPUSD,19871.18471436,1.9501991851629707,Buy,XRP/USDT,107673.52801000004,1.951693115861937
2025-04-08 13:07:00,XRPUSD,4837.3803517100005,1.9527816207897157,Buy,XRP/USDT,62428.72900999998,1.951859402384991
2025-04-08 13:08:00,XRPUSD,17615.0,1.9485373949575036,Buy,XRP/USDT,65367.23697000004,1.9469564690290229
2025-04-08 13:09:00,XRPUSD,1072.08498238,1.9545051300872245,Buy,XRP/USDT,108755.24644999995,1.9562898477516069
2025-04-08 13:10:00,XRPUSD,9866.206608479997,1.9639715635904438,Buy,XRP/USDT,89271.84918000002,1.9595267888154662
2025-04-08 13:11:00,XRPUSD,8369.318778030001,1.9609036784975369,Buy,XRP/USDT,90658.77211999997,1.9587860666980088
2025-04-08 13:12:00,XRPUSD,37852.376,1.958014067668302,Buy,XRP/USDT,81954.36486000005,1.9576850779389934
2025-04-08 13:13:00,XRPUSD,1817.83119497,1.9547454543939515,Buy,XRP/USDT,81577.60059000005,1.9558078396485201
2025-04-08 13:14:00,XRPUSD,758.785159,1.954963698662878,Buy,XRP/USDT,94025.20736000001,1.9546905284547178
2025-04-08 13:15:00,XRPUSD,134.944412,1.9512484812039494,Buy,XRP/USDT,95806.45323000001,1.951349926919521
2025-04-08 13:16:00,XRPUSD,26017.4331544,1.9549932861788517,Buy,XRP/USDT,101481.74351,1.952551834426209
2025-04-08 13:17:00,XRPUSD,3530.8771382,1.9590657249078962,Buy,XRP/USDT,90810.72669000004,1.9591625595203424
2025-04-08 13:18:00,XRPUSD,1913.54611,1.9581472865747982,Buy,XRP/USDT,142246.22965999995,1.9584639735821865
2025-04-08 13:19:00,XRPUSD,12793.90322066,1.9553198546312685,Buy,XRP/USDT,170126.29348000008,1.9571465351728565
2025-04-08 13:20:00,XRPUSD,32097.102292199997,1.956626122519779,Buy,XRP/USDT,142348.12377000006,1.9575341133838795
2025-04-08 13:21:00,XRPUSD,11070.93773322,1.959286356480717,Buy,XRP/USDT,101136.0901499999,1.960871110443647
2025-04-08 13:22:00,XRPUSD,11746.40759487,1.9627528657494189,Buy,XRP/USDT,90132.28746000031,1.962920253242886
2025-04-08 13:23:00,XRPUSD,15940.550276400001,1.9623322841278878,Buy,XRP/USDT,46019.170200000146,1.9624413057700847
2025-04-08 13:24:00,XRPUSD,13974.902838619999,1.9587984102041058,Buy,XRP/USDT,56763.06703999988,1.9590252233945675
2025-04-08 13:25:00,XRPUSD,2244.97463953,1.962128561578716,Buy,XRP/USDT,57114.7181900001,1.9621945982591564
2025-04-08 13:26:00,XRPUSD,11954.46573203,1.9618963563653307,Buy,XRP/USDT,57358.79093000001,1.961879011725792
2025-04-08 13:27:00,XRPUSD,4809.054758910001,1.9631428895148788,Buy,XRP/USDT,67280.08056000009,1.9634169322598711
2025-04-08 13:28:00,XRPUSD,15158.789299720002,1.9621368395689354,Buy,XRP/USDT,49169.12648000007,1.962422252022883
2025-04-08 13:29:00,XRPUSD,6444.7913778,1.961031500787455,Buy,XRP/USDT,58815.60857000008,1.9612938678242573
2025-04-08 13:30:00,XRPUSD,34629.23928541,1.9630237516984856,Buy,XRP/USDT,122173.97038999994,1.9667923025100893
2025-04-08 13:31:00,XRPUSD,34422.39841735,1.9559519215084584,Buy,XRP/USDT,86432.52867999993,1.9575007754155866
2025-04-08 13:32:00,XRPUSD,1717.55444769,1.9622399447744316,Buy,XRP/USDT,80979.51315999993,1.9612343118741093
2025-04-08 13:33:00,XRPUSD,2248.3366995799997,1.9673783819421884,Buy,XRP/USDT,137991.84641000006,1.9661628566611271
2025-04-08 13:34:00,XRPUSD,16261.30999153,1.9688442143677232,Buy,XRP/USDT,98609.39920999995,1.9699473339248712
2025-04-08 13:35:00,XRPUSD,9432.35469812,1.9701701496919501,Buy,XRP/USDT,97199.57009999997,1.9684908070578593
2025-04-08 13:36:00,XRPUSD,1536.66582572,1.9561204478855427,Buy,XRP/USDT,88648.99711000004,1.9544153471702292
2025-04-08 13:37:00,XRPUSD,12844.66162751,1.9488026812710897,Buy,XRP/USDT,69883.75188999987,1.9452805802498447
2025-04-08 13:38:00,XRPUSD,36022.84909434,1.9540634609794472,Buy,XRP/USDT,50094.53307000003,1.9518956657184265
2025-04-08 13:39:00,XRPUSD,4244.95394536,1.9556233528434512,Buy,XRP/USDT,55773.78698000004,1.9545234718628834
2025-04-08 13:40:00,XRPUSD,8385.28190489,1.9503598049490756,Buy,XRP/USDT,58913.07312000001,1.9486849488660722
2025-04-08 13:41:00,XRPUSD,1617.4062688,1.9479901923327307,Buy,XRP/USDT,74684.24448999994,1.9474604636870894
2025-04-08 13:42:00,XRPUSD,345.2232184,1.9500877531020928,Buy,XRP/USDT,82629.11564999998,1.9489838285659495
2025-04-08 13:43:00,XRPUSD,24009.88867703,1.9504095890180833,Buy,XRP/USDT,86041.54184999998,1.9521374968911185
2025-04-08 13:44:00,XRPUSD,6662.47591239,1.9548745872333773,Buy,XRP/USDT,84553.23632000001,1.9547135879999273
2025-04-08 13:45:00,XRPUSD,12000.9609972,1.9533385899555036,Buy,XRP/USDT,116167.37057,1.9543832686646205
2025-04-08 13:46:00,XRPUSD,21053.538073810003,1.9606946288830416,Buy,XRP/USDT,83351.91134000015,1.9573852336345605
2025-04-08 13:47:00,XRPUSD,1009.7669251100001,1.9588222475749442,Buy,XRP/USDT,67602.74984000003,1.9564515115239745
2025-04-08 13:48:00,XRPUSD,4841.856658,1.9544274080823836,Buy,XRP/USDT,69260.53266999999,1.9528202172021267
2025-04-08 13:49:00,XRPUSD,33779.16661405,1.9495183772039022,Buy,XRP/USDT,72471.78345,1.9456582759902314
2025-04-08 13:50:00,XRPUSD,1465.87428364,1.9433503561246948,Buy,XRP/USDT,62140.033549999986,1.9434586785758212
2025-04-08 13:51:00,XRPUSD,133.83499944,1.9436973624420886,Buy,XRP/USDT,54785.99842000007,1.9446960590163482
2025-04-08 13:52:00,XRPUSD,3566.35033809,1.9482804112631535,Buy,XRP/USDT,93607.3330799999,1.9489932505107312
2025-04-08 13:53:00,XRPUSD,745.26740696,1.952939375788715,Buy,XRP/USDT,78464.61776000005,1.952033121253615
2025-04-08 13:54:00,XRPUSD,223.8748,1.9495646545122542,Buy,XRP/USDT,71782.95680000006,1.9500089864367043
2025-04-08 13:55:00,XRPUSD,2502.02370854,1.950722493889008,Buy,XRP/USDT,75024.3167100001,1.9498430500324868
2025-04-08 13:56:00,XRPUSD,2429.780849,1.9503222031720895,Buy,XRP/USDT,92042.56806000003,1.9496625208947564
2025-04-08 13:57:00,XRPUSD,2959.2926440600004,1.947680345184088,Buy,XRP/USDT,87392.90424999999,1.9470765947432525
2025-04-08 13:58:00,XRPUSD,2068.79332486,1.9514493329750218,Buy,XRP/USDT,131817.2739299999,1.95374463463852
2025-04-08 13:59:00,XRPUSD,5271.81177105,1.95397653481129,Buy,XRP/USDT,157098.6649500001,1.9538536267315276
2025-04-08 14:00:00,XRPUSD,10974.12439833,1.9520451600133486,Buy,XRP/USDT,100353.94550999995,1.9520830306678176
2025-04-08 14:01:00,XRPUSD,678.23104634,1.9483408956646364,Buy,XRP/USDT,81286.02456999995,1.949467170735122
2025-04-08 14:02:00,XRPUSD,2598.9866909099997,1.947856085678513,Buy,XRP/USDT,97749.95184000004,1.9508577196387067
2025-04-08 14:03:00,XRPUSD,7579.977041119999,1.9532808878560797,Buy,XRP/USDT,101740.01869000006,1.9526432531005027
2025-04-08 14:04:00,XRPUSD,314.55330541,1.9570391486002354,Buy,XRP/USDT,108963.60252000006,1.9560131097732965
2025-04-08 14:05:00,XRPUSD,9030.04190757,1.9629726818160849,Buy,XRP/USDT,117093.14431,1.963431833848124
2025-04-08 14:06:00,XRPUSD,1064.3437502099998,1.9600126111160192,Buy,XRP/USDT,106118.20622000001,1.9609510853484786
2025-04-08 14:07:00,XRPUSD,591.56416429,1.9548294611902597,Buy,XRP/USDT,90088.27342,1.9542890409428908
2025-04-08 14:08:00,XRPUSD,1783.073202,1.9539341963338979,Buy,XRP/USDT,79323.71620000002,1.9543284665868914
2025-04-08 14:09:00,XRPUSD,2855.92400324,1.9536575934179339,Buy,XRP/USDT,87432.41543000004,1.9547301939966044
2025-04-08 14:10:00,XRPUSD,75.12726961999999,1.957324772715913,Buy,XRP/USDT,81320.14368000005,1.9554156251550368
2025-04-08 14:11:00,XRPUSD,650.548,1.952048785254893,Buy,XRP/USDT,77383.28862999998,1.9517327490840788
2025-04-08 14:12:00,XRPUSD,5316.68697875,1.9489301087188569,Buy,XRP/USDT,102287.43506000003,1.9499089975403192
2025-04-08 14:13:00,XRPUSD,11509.454915089998,1.950381169461942,Buy,XRP/USDT,86647.82010000007,1.9494027952783384
2025-04-08 14:14:00,XRPUSD,2948.543,1.9491239198267922,Buy,XRP/USDT,71010.21185,1.9489576111081663
2025-04-08 14:15:00,XRPUSD,14.83536164,1.9491462439077554,Buy,XRP/USDT,82257.81583,1.9491094520084806
2025-04-08 14:16:00,XRPUSD,9634.58513447,1.9478696007541678,Buy,XRP/USDT,74163.91372,1.9508843690934774
2025-04-08 14:17:00,XRPUSD,2933.87994507,1.9512415382990178,Buy,XRP/USDT,60809.01376,1.950753507688194
2025-04-08 14:18:00,XRPUSD,11841.0,1.945933879148335,Buy,XRP/USDT,98486.80441999994,1.9483237373653417
2025-04-08 14:19:00,XRPUSD,1974.7693519999998,1.9454899686938387,Buy,XRP/USDT,87565.31171000008,1.9475000782225944
2025-04-08 14:20:00,XRPUSD,3266.3986479799996,1.9423495742135322,Buy,XRP/USDT,137360.6492100001,1.9436293457931144
2025-04-08 14:21:00,XRPUSD,677.8298997400001,1.9430731462259427,Buy,XRP/USDT,76006.92903,1.943599507810674
2025-04-08 14:22:00,XRPUSD,16849.037694900002,1.946046029458024,Buy,XRP/USDT,65659.25068999999,1.944467203765813
2025-04-08 14:23:00,XRPUSD,2610.8765045200003,1.9396119636024365,Buy,,,
2025-04-08 14:24:00,XRPUSD,243.29177104,1.9387521910524081,Buy,,,
2025-04-08 14:25:00,XRPUSD,69.53282353,1.9328640002447448,Buy,,,
2025-04-08 14:26:00,XRPUSD,69.042,1.9295167686335855,Buy,,,
2025-04-08 14:27:00,XRPUSD,31197.592577339998,1.9352596813717247,Buy,,,
2025-04-08 14:28:00,XRPUSD,3029.7,1.9366428316334952,Buy,,,
2025-04-08 14:29:00,XRPUSD,1146.22653369,1.936475586466848,Buy,,,
2025-04-08 14:30:00,XRPUSD,11431.0259381,1.9276978218508043,Buy,,,
2025-04-08 14:31:00,XRPUSD,9336.518073669999,1.9281269336230595,Buy,,,
2025-04-08 14:32:00,XRPUSD,7612.90231353,1.9290946823470536,Buy,,,
2025-04-08 14:33:00,XRPUSD,6240.813252070001,1.9323133454672639,Buy,,,
2025-04-08 14:34:00,XRPUSD,10067.394321209998,1.9345828446238853,Buy,,,
2025-04-08 14:35:00,XRPUSD,830.12917558,1.9355779368969874,Buy,,,
2025-04-08 14:36:00,XRPUSD,606.60974662,1.934807006059487,Buy,,,
2025-04-08 14:40:00,XRPUSD,2018.42085962,1.9340953641809175,Buy,,,
2025-04-08 14:41:00,XRPUSD,12403.313888409999,1.9332685833553083,Buy,,,
2025-04-08 14:42:00,XRPUSD,1298.6689999999999,1.9334127302107005,Buy,,,
2025-04-08 14:43:00,XRPUSD,1804.5779454400001,1.9293472899463506,Buy,,,
2025-04-08 14:44:00,XRPUSD,664.7789574000001,1.924965533215928,Buy,,,
2025-04-08 14:45:00,XRPUSD,4742.58013753,1.921752594899025,Buy,,,
2025-04-08 14:46:00,XRPUSD,147.88381228,1.9240592861285248,Buy,,,
2025-04-08 14:47:00,XRPUSD,4945.55610585,1.9239742415316403,Buy,,,
2025-04-08 14:48:00,XRPUSD,2642.66742859,1.917739015184186,Buy,,,
2025-04-08 14:49:00,XRPUSD,37.20017129,1.9192103785502705,Buy,,,
2025-04-08 14:50:00,XRPUSD,4920.08108169,1.9185948437311435,Buy,,,
2025-04-08 14:51:00,XRPUSD,620.663,1.920534888014913,Buy,,,
2025-04-08 14:52:00,XRPUSD,47.331,1.9154,Buy,,,
2025-04-08 14:53:00,XRPUSD,690.61495753,1.9154497269090356,Buy,,,
2025-04-08 14:54:00,XRPUSD,1940.0,1.909,Buy,,,
2025-04-08 14:55:00,XRPUSD,4723.95483961,1.9054191480854599,Buy,,,
2025-04-08 14:56:00,XRPUSD,3209.2373776599998,1.9053189645566242,Buy,,,
2025-04-08 14:57:00,XRPUSD,7829.042062920001,1.9021450668673694,Buy,,,
2025-04-08 14:58:00,XRPUSD,9982.9389651,1.9004648091062406,Buy,,,
2025-04-08 14:59:00,XRPUSD,1498.50297318,1.898650783596654,Buy,,,
2025-04-08 15:00:00,XRPUSD,19910.52714666,1.9004556466896685,Buy,,,
2025-04-08 15:01:00,XRPUSD,2953.8227385200003,1.9031601044935842,Buy,,,
2025-04-08 15:02:00,XRPUSD,3067.26067925,1.9066277655590742,Buy,,,
2025-04-08 15:03:00,XRPUSD,11796.519480699999,1.90559368806462,Buy,,,
2025-04-08 15:04:00,XRPUSD,102.33574697,1.907303404659108,Buy,,,
2025-04-08 15:05:00,XRPUSD,887.7359999999999,1.896514064485388,Buy,,,
2025-04-08 15:06:00,XRPUSD,7203.452902200001,1.8987724141760247,Buy,,,
2025-04-08 15:07:00,XRPUSD,13925.336803899998,1.9030408086434871,Buy,,,
2025-04-08 15:08:00,XRPUSD,3249.0699192099996,1.8992260469232751,Buy,,,
2025-04-08 15:09:00,XRPUSD,6825.10057079,1.90253,Buy,,,
2025-04-08 15:10:00,XRPUSD,182.878503,1.9047596401749856,Buy,,,
2025-04-08 15:11:00,XRPUSD,1307.4274150900003,1.9048871158915022,Buy,,,
2025-04-08 15:12:00,XRPUSD,1090.892,1.9001978094073473,Buy,,,
2025-04-08 15:13:00,XRPUSD,566336.7234522101,1.8953324402796463,Buy,,,
2025-04-08 15:14:00,XRPUSD,23227.557610159998,1.8974815009634067,Buy,,,
2025-04-08 15:15:00,XRPUSD,317738.39841960993,1.8962975889515832,Buy,,,
2025-04-08 15:16:00,XRPUSD,25523.87425759,1.891581946816483,Buy,,,
2025-04-08 15:17:00,XRPUSD,1867.2521047,1.8921254746987353,Buy,,,
2025-04-08 15:18:00,XRPUSD,11052.48704273,1.8947622394947954,Buy,,,
2025-04-08 15:19:00,XRPUSD,1595.169,1.900379067885597,Buy,,,
2025-04-08 15:20:00,XRPUSD,55408.13089278999,1.9024638126297908,Buy,,,
2025-04-08 15:21:00,XRPUSD,3082.35225661,1.9038033182862812,Buy,,,
2025-04-08 15:22:00,XRPUSD,2965.86205663,1.9005973427025349,Buy,,,
2025-04-08 15:23:00,XRPUSD,6797.0572585,1.897646667799237,Buy,,,
2025-04-08 15:24:00,XRPUSD,512.8674776199999,1.8960697304453502,Buy,,,
2025-04-08 15:25:00,XRPUSD,630.0595368300001,1.897397442338291,Buy,,,
2025-04-08 15:26:00,XRPUSD,1517.23361177,1.898793687550277,Buy,,,
2025-04-08 15:27:00,XRPUSD,3022.0350497599998,1.901273605400044,Buy,,,
2025-04-08 15:28:00,XRPUSD,347.34445565000004,1.9022953819696038,Buy,,,
2025-04-08 15:29:00,XRPUSD,722.965,1.902620976603293,Buy,,,
2025-04-08 15:30:00,XRPUSD,3809.67592919,1.9000592363880824,Buy,,,
2025-04-08 15:31:00,XRPUSD,11875.31686089,1.90173557272956,Buy,,,
2025-04-08 15:32:00,XRPUSD,347.821,1.9059811833385567,Buy,,,
2025-04-08 15:33:00,XRPUSD,7994.434757339999,1.9080760788760787,Buy,,,
2025-04-08 15:34:00,XRPUSD,3668.649,1.9051168845724957,Buy,,,
2025-04-08 15:35:00,XRPUSD,3345.8723911899997,1.9024748515448908,Buy,,,
2025-04-08 15:36:00,XRPUSD,460.687,1.9055600579786274,Buy,,,
2025-04-08 15:37:00,XRPUSD,5998.23357296,1.9075631534148165,Buy,,,
2025-04-08 15:38:00,XRPUSD,692.1434999999999,1.9127570814144759,Buy,,,
2025-04-08 15:39:00,XRPUSD,270.10088303,1.9136739650504366,Buy,,,
2025-04-08 15:41:00,XRPUSD,16771.86348107,1.9088920953564659,Buy,,,
2025-04-08 15:42:00,XRPUSD,8229.982976510002,1.9073595616092438,Buy,,,
2025-04-08 15:43:00,XRPUSD,1709.29135826,1.9094836371437511,Buy,,,
2025-04-08 15:44:00,XRPUSD,3352.1068371399997,1.909532138706776,Buy,,,
2025-04-08 15:45:00,XRPUSD,7553.496081830001,1.9096943468921208,Buy,,,
2025-04-08 15:46:00,XRPUSD,7880.4171942699995,1.9068030299209733,Buy,,,
2025-04-08 15:47:00,XRPUSD,10547.18401617,1.9061050323239075,Buy,,,
2025-04-08 15:48:00,XRPUSD,1517.0,1.904684752801582,Buy,,,
2025-04-08 15:49:00,XRPUSD,10725.99799895,1.8994749033565685,Buy,,,
2025-04-08 15:50:00,XRPUSD,2142.9558039300005,1.9006623924522124,Buy,,,
2025-04-08 15:51:00,XRPUSD,60809.5709214,1.897744911594714,Buy,,,
2025-04-08 15:52:00,XRPUSD,194.33888100000001,1.896437867202549,Buy,,,
2025-04-08 15:53:00,XRPUSD,458.28045487,1.8971473323756678,Buy,,,
2025-04-08 15:54:00,XRPUSD,139.0,1.90003,Buy,,,
2025-04-08 15:55:00,XRPUSD,5111.49466415,1.8999746795765808,Buy,,,
2025-04-08 15:57:00,XRPUSD,2243.4145618499997,1.903609103719782,Buy,,,
2025-04-08 15:58:00,XRPUSD,1559.19996028,1.9039757699387092,Buy,,,
2025-04-08 15:59:00,XRPUSD,426.0,1.9039196713615025,Buy,,,
2025-04-08 16:00:00,XRPUSD,397.55112625,1.9022356763308523,Buy,,,
2025-04-08 16:01:00,XRPUSD,249.692,1.9009832505646955,Buy,,,
2025-04-08 16:02:00,XRPUSD,53.24184046999999,1.902625541114676,Buy,,,
2025-04-08 16:03:00,XRPUSD,689.18550772,1.9044518520285387,Buy,,,
2025-04-08 16:04:00,XRPUSD,9056.01494425,1.9017346808405253,Buy,,,
2025-04-08 16:05:00,XRPUSD,435.0,1.9081086206896554,Buy,,,
2025-04-08 16:06:00,XRPUSD,1262.30259665,1.9033046029800595,Buy,,,
2025-04-08 16:07:00,XRPUSD,1138.06680945,1.9016070709037727,Buy,,,
2025-04-08 16:08:00,XRPUSD,4872.66590423,1.9015574936971469,Buy,,,
2025-04-08 16:09:00,XRPUSD,577.63819562,1.9006171174866369,Buy,,,
2025-04-08 16:10:00,XRPUSD,36891.40542923,1.900966668126211,Buy,,,
2025-04-08 16:11:00,XRPUSD,4450.904451750001,1.9004096090096039,Buy,,,
2025-04-08 16:12:00,XRPUSD,2286.4350000000004,1.9018368736657718,Buy,,,
2025-04-08 16:13:00,XRPUSD,474.0,1.89888,Buy,,,
2025-04-08 16:14:00,XRPUSD,1621.85607933,1.895311258321998,Buy,,,
2025-04-08 16:15:00,XRPUSD,377.68590266999996,1.8921905706114397,Buy,,,
2025-04-08 16:16:00,XRPUSD,1630.862,1.8931821775907465,Buy,,,
2025-04-08 16:17:00,XRPUSD,23115.439630650002,1.8877323897447282,Buy,,,
2025-04-08 16:18:00,XRPUSD,9980.48582475,1.8845865125032653,Buy,,,
2025-04-08 16:19:00,XRPUSD,243.05814756,1.8858429612727294,Buy,,,
2025-04-08 16:20:00,XRPUSD,26218.57171569,1.8864827440198493,Buy,,,
2025-04-08 16:21:00,XRPUSD,5511.4106958699995,1.889203566288046,Buy,,,
2025-04-08 16:22:00,XRPUSD,1842.203495,1.88326451753396,Buy,,,
2025-04-08 16:23:00,XRPUSD,10941.85310751,1.8787047332472993,Buy,,,
2025-04-08 16:24:00,XRPUSD,7405.20637354,1.8786567313513465,Buy,,,
2025-04-08 16:25:00,XRPUSD,1267.89877139,1.8814856684061076,Buy,,,
2025-04-08 16:26:00,XRPUSD,14130.866709110001,1.8795845495624668,Buy,,,
2025-04-08 16:27:00,XRPUSD,427.19500000000005,1.8849927395451727,Buy,,,
2025-04-08 16:28:00,XRPUSD,1159.64260195,1.886661099090425,Buy,,,
2025-04-08 16:29:00,XRPUSD,11709.74502517,1.892899595729589,Buy,,,
2025-04-08 16:30:00,XRPUSD,9605.03551811,1.8958098018733331,Buy,,,
2025-04-08 16:31:00,XRPUSD,209.224987,1.8921206955649614,Buy,,,
2025-04-08 16:32:00,XRPUSD,935.5834777599999,1.8899031888597657,Buy,,,
2025-04-08 16:33:00,XRPUSD,297509.65561708,1.8888229310927491,Buy,,,
2025-04-08 16:34:00,XRPUSD,16161.084019209999,1.8835846127893796,Buy,,,
2025-04-08 16:35:00,XRPUSD,3191.33806181,1.8815867433827476,Buy,,,
2025-04-08 16:36:00,XRPUSD,6256.428616939999,1.875256144162942,Buy,,,
2025-04-08 16:37:00,XRPUSD,3800.64776064,1.875308305717906,Buy,,,
2025-04-08 16:38:00,XRPUSD,1520.34116028,1.8709699600984417,Buy,,,
2025-04-08 16:39:00,XRPUSD,2892.89679735,1.8691711244009181,Buy,,,
2025-04-08 16:40:00,XRPUSD,3638.5467849899997,1.8649938220788627,Buy,,,
2025-04-08 16:41:00,XRPUSD,3613.79468182,1.865578090250719,Buy,,,
2025-04-08 16:42:00,XRPUSD,6106.781,1.8638416511488225,Buy,,,
2025-04-08 16:43:00,XRPUSD,8029.30372528,1.8632160282378005,Buy,,,
2025-04-08 16:44:00,XRPUSD,1555.564938,1.8651984498320058,Buy,,,
2025-04-08 16:45:00,XRPUSD,6678.89428312,1.8684282081039294,Buy,,,
2025-04-08 16:46:00,XRPUSD,4961.98481079,1.8686852679357757,Buy,,,
2025-04-08 16:47:00,XRPUSD,1380.88803,1.8641309612179053,Buy,,,
2025-04-08 16:48:00,XRPUSD,13201.346667909998,1.8663014816672732,Buy,,,
2025-04-08 16:49:00,XRPUSD,1862.40429574,1.8684657175747081,Buy,,,
2025-04-08 16:50:00,XRPUSD,27347.676089840003,1.861067732797118,Buy,,,
2025-04-08 16:51:00,XRPUSD,5.68424327,1.8641200000000002,Buy,,,
2025-04-08 16:52:00,XRPUSD,398.7121308100001,1.8647543032305363,Buy,,,
2025-04-08 16:53:00,XRPUSD,9124.495333339999,1.8627719437568169,Buy,,,
2025-04-08 16:54:00,XRPUSD,3066.3923175,1.862656351492906,Buy,,,
2025-04-08 16:55:00,XRPUSD,2543.59372768,1.8598112312559991,Buy,,,
2025-04-08 16:56:00,XRPUSD,13349.03618411,1.8566466701725228,Buy,,,
2025-04-08 16:57:00,XRPUSD,596.4195869199999,1.8593545585391735,Buy,,,
2025-04-08 16:58:00,XRPUSD,3408.0343874299997,1.8556762130222018,Buy,,,
2025-04-08 16:59:00,XRPUSD,38922.63049692,1.8618200187124685,Buy,,,
2025-04-08 17:00:00,XRPUSD,2147.654,1.8628064281490408,Buy,,,
2025-04-08 17:01:00,XRPUSD,9115.74509403,1.8579709743752992,Buy,,,
2025-04-08 17:02:00,XRPUSD,40241.92592559,1.8600825954548208,Buy,,,
2025-04-08 17:03:00,XRPUSD,7049.45713548,1.8601360524413961,Buy,,,
2025-04-08 17:04:00,XRPUSD,27.0,1.8593840740740741,Buy,,,
2025-04-08 17:05:00,XRPUSD,4414.79706858,1.8641085634770367,Buy,,,
2025-04-08 17:06:00,XRPUSD,200.0,1.8606400000000003,Buy,,,
2025-04-08 17:07:00,XRPUSD,4221.03818356,1.8574471736416136,Buy,,,
2025-04-08 17:08:00,XRPUSD,3664.09692722,1.8577580122208879,Buy,,,
2025-04-08 17:09:00,XRPUSD,7243.1393794,1.8504521601378925,Buy,,,
2025-04-08 17:10:00,XRPUSD,7603.72491964,1.8506539453931115,Buy,,,
2025-04-08 17:11:00,XRPUSD,4021.43279096,1.8469225831692417,Buy,,,
2025-04-08 17:12:00,XRPUSD,12718.34492426,1.8395636403067723,Buy,,,
2025-04-08 17:13:00,XRPUSD,2845.52090292,1.8395948894787995,Buy,,,
2025-04-08 17:14:00,XRPUSD,1592.985,1.8402164106378904,Buy,,,
2025-04-08 17:15:00,XRPUSD,24736.80512692,1.8428334832096878,Buy,,,
2025-04-08 17:16:00,XRPUSD,10910.707463499999,1.8434381490368528,Buy,,,
2025-04-08 17:17:00,XRPUSD,7294.59295804,1.8432228028783932,Buy,,,
2025-04-08 17:18:00,XRPUSD,9589.33147279,1.8427594122754347,Buy,,,
2025-04-08 17:19:00,XRPUSD,691.00957605,1.8428973995036848,Buy,,,
2025-04-08 17:20:00,XRPUSD,3420.82359922,1.8332099938474287,Buy,,,
2025-04-08 17:21:00,XRPUSD,10296.73733234,1.83602257787321,Buy,,,
2025-04-08 17:22:00,XRPUSD,2031.46994542,1.8281151408672505,Buy,,,
2025-04-08 17:23:00,XRPUSD,6163.992341409999,1.8246368763564547,Buy,,,
2025-04-08 17:24:00,XRPUSD,12225.92655279,1.821254856084805,Buy,,,
2025-04-08 17:25:00,XRPUSD,10756.422908819999,1.8163740169760172,Buy,,,
2025-04-08 17:26:00,XRPUSD,17055.99212437,1.813480429199049,Buy,,,
2025-04-08 17:27:00,XRPUSD,29253.63103194,1.8102399810420386,Buy,,,
2025-04-08 17:28:00,XRPUSD,7389.38804748,1.8071171874792396,Buy,,,
2025-04-08 17:29:00,XRPUSD,19817.13058438,1.8119838981879903,Buy,,,
2025-04-08 17:30:00,XRPUSD,25588.93393608,1.8099531454727036,Buy,,,
2025-04-08 17:31:00,XRPUSD,7670.497553720001,1.8103633181468999,Buy,,,
2025-04-08 17:32:00,XRPUSD,10244.050421079999,1.8135724894374778,Buy,,,
2025-04-08 17:33:00,XRPUSD,17676.9094959,1.816294443592912,Buy,,,
2025-04-08 17:34:00,XRPUSD,17192.24826727,1.8106342913843456,Buy,,,
2025-04-08 17:35:00,XRPUSD,215095.97463265003,1.825141005366584,Buy,,,
2025-04-08 17:36:00,XRPUSD,33652.05543302,1.823886238434115,Buy,,,
2025-04-08 17:37:00,XRPUSD,26281.414906439997,1.8262681556710543,Buy,,,
2025-04-08 17:38:00,XRPUSD,19224.33971415,1.8345816628588787,Buy,,,
2025-04-08 17:39:00,XRPUSD,3552.233,1.8368007548688388,Buy,,,
2025-04-08 17:40:00,XRPUSD,49895.97663555999,1.8419174391818205,Buy,,,
2025-04-08 17:41:00,XRPUSD,22987.7710184,1.8464725877590629,Buy,,,
2025-04-08 17:42:00,XRPUSD,101170.77861990003,1.8545934139633733,Buy,,,
2025-04-08 17:43:00,XRPUSD,8163.97346366,1.8548125302629253,Buy,,,
2025-04-08 17:44:00,XRPUSD,2288.0,1.8523400000000003,Buy,,,
2025-04-08 17:45:00,XRPUSD,766.53966564,1.8419343496511258,Buy,,,
2025-04-08 17:46:00,XRPUSD,2796.116,1.8343464555444287,Buy,,,
2025-04-08 17:47:00,XRPUSD,424.48022541,1.840898998032427,Buy,,,
2025-04-08 17:48:00,XRPUSD,5411.058135,1.8413059536675243,Buy,,,
2025-04-08 17:49:00,XRPUSD,10396.78858762,1.8462051163089392,Buy,,,
2025-04-08 17:50:00,XRPUSD,47972.00786200999,1.8435271966594335,Buy,,,
2025-04-08 17:51:00,XRPUSD,7643.07819511,1.846721735964326,Buy,,,
2025-04-08 17:52:00,XRPUSD,24801.65158202,1.8522108188577153,Buy,,,
2025-04-08 17:53:00,XRPUSD,5678.27980207,1.8577536481484977,Buy,,,
2025-04-08 17:54:00,XRPUSD,68221.37712803,1.8633488106375395,Buy,,,
2025-04-08 17:55:00,XRPUSD,7238.69648346,1.8616174169329538,Buy,,,
2025-04-08 17:56:00,XRPUSD,23031.061082209995,1.8633920577645915,Buy,,,
2025-04-08 17:57:00,XRPUSD,9480.80566375,1.8577797013012318,Buy,,,
2025-04-08 17:58:00,XRPUSD,7465.07069331,1.8575620988029644,Buy,,,
2025-04-08 17:59:00,XRPUSD,527.206,1.859208986620031,Buy,,,
2025-04-08 18:00:00,XRPUSD,1139.155086,1.8609471629361272,Buy,,,
2025-04-08 18:01:00,XRPUSD,3339.138,1.855964902063789,Buy,,,
2025-04-08 18:02:00,XRPUSD,491.46,1.85969,Buy,,,
2025-04-08 18:03:00,XRPUSD,2993.0,1.863240387570999,Buy,,,
2025-04-08 18:04:00,XRPUSD,2047.39988696,1.8663049523730932,Buy,,,
2025-04-08 18:05:00,XRPUSD,16.01784255,1.8570793523165514,Buy,,,
2025-04-08 18:06:00,XRPUSD,10696.947428660002,1.8522066381850715,Buy,,,
2025-04-08 18:07:00,XRPUSD,27780.58412341,1.8499856160694221,Buy,,,
2025-04-08 18:08:00,XRPUSD,3375.5570812299998,1.8520449554378113,Buy,,,
2025-04-08 18:09:00,XRPUSD,2663.4954537900003,1.8506493537525752,Buy,,,
2025-04-08 18:10:00,XRPUSD,5166.37878198,1.8529584393986713,Buy,,,
2025-04-08 18:12:00,XRPUSD,1923.42666062,1.8498157126456272,Buy,,,
2025-04-08 18:13:00,XRPUSD,26966.57745494,1.8486864845350497,Buy,,,
2025-04-08 18:14:00,XRPUSD,1892.33846299,1.84912,Buy,,,
2025-04-08 18:15:00,XRPUSD,11163.24663786,1.8503497090704137,Buy,,,
2025-04-08 18:16:00,XRPUSD,142.65559961000002,1.8512435038112918,Buy,,,
2025-04-08 18:17:00,XRPUSD,1454.0819999999999,1.8556053483228594,Buy,,,
2025-04-08 18:18:00,XRPUSD,364.84947865000004,1.8520982744865107,Buy,,,
2025-04-08 18:19:00,XRPUSD,747.2612043500001,1.8530899044182656,Buy,,,
2025-04-08 18:20:00,XRPUSD,778.9828432300001,1.855165285900819,Buy,,,
2025-04-08 18:21:00,XRPUSD,2159.27282466,1.859005603697103,Buy,,,
2025-04-08 18:22:00,XRPUSD,499.9355,1.8570364273741313,Buy,,,
2025-04-08 18:23:00,XRPUSD,1097.9222257400002,1.860368293503917,Buy,,,
2025-04-08 18:24:00,XRPUSD,10306.17564848,1.8716917199374228,Buy,,,
2025-04-08 18:25:00,XRPUSD,1751.0,1.87035408250066,Buy,,,
2025-04-08 18:26:00,XRPUSD,30619.5493853,1.8651716604950308,Buy,,,
2025-04-08 18:27:00,XRPUSD,5462.65183551,1.8625129091451629,Buy,,,
2025-04-08 18:28:00,XRPUSD,4824.5594552,1.8590795933858424,Buy,,,
2025-04-08 18:29:00,XRPUSD,8743.924045720001,1.8582707448631364,Buy,,,
2025-04-08 18:30:00,XRPUSD,18786.632844809992,1.8716327154207082,Buy,,,
2025-04-08 18:31:00,XRPUSD,944.5109394599999,1.8734393834266407,Buy,,,
2025-04-08 18:32:00,XRPUSD,5978.77396984,1.874389545932481,Buy,,,
2025-04-08 18:33:00,XRPUSD,2541.131,1.8736719132228918,Buy,,,
2025-04-08 18:34:00,XRPUSD,3043.9618187300002,1.866073095329654,Buy,,,
2025-04-08 18:35:00,XRPUSD,5914.587345389999,1.8600745386781627,Buy,,,
2025-04-08 18:36:00,XRPUSD,28246.2600414,1.8594087314357568,Buy,,,
2025-04-08 18:37:00,XRPUSD,5701.19900852,1.8627736905390253,Buy,,,
2025-04-08 18:38:00,XRPUSD,87.93602838000001,1.8594002712627875,Buy,,,
2025-04-08 18:39:00,XRPUSD,883.038,1.8601584164261833,Buy,,,
2025-04-08 18:40:00,XRPUSD,5183.251749999999,1.8560855103603737,Buy,,,
2025-04-08 18:41:00,XRPUSD,847.9224466000001,1.8620092206983894,Buy,,,
2025-04-08 18:42:00,XRPUSD,9812.185339019998,1.860020497957817,Buy,,,
2025-04-08 18:43:00,XRPUSD,2729.59269746,1.853526651595641,Buy,,,
2025-04-08 18:44:00,XRPUSD,36.32020207,1.8551391957028558,Buy,,,
2025-04-08 18:45:00,XRPUSD,1108.37422,1.8540882741226157,Buy,,,
2025-04-08 18:46:00,XRPUSD,4716.80745104,1.8544846280871372,Buy,,,
2025-04-08 18:47:00,XRPUSD,105.41129458,1.8528327222389813,Buy,,,
2025-04-08 18:48:00,XRPUSD,1232.3737824700002,1.8510616192904883,Buy,,,
2025-04-08 18:49:00,XRPUSD,3890.70526104,1.852711295601788,Buy,,,
2025-04-08 18:50:00,XRPUSD,49464.47508919,1.8549640258879165,Buy,,,
2025-04-08 18:51:00,XRPUSD,12599.41778306,1.8527232804894376,Buy,,,
2025-04-08 18:52:00,XRPUSD,8475.94693098,1.851056331209807,Buy,,,
2025-04-08 18:53:00,XRPUSD,66.60082478999999,1.8531747451989673,Buy,,,
2025-04-08 18:54:00,XRPUSD,647.78440049,1.8515400000000002,Buy,,,
2025-04-08 18:55:00,XRPUSD,63.94554515,1.848889372383133,Buy,,,
2025-04-08 18:56:00,XRPUSD,1202.628,1.847794377912372,Buy,,,
2025-04-08 18:57:00,XRPUSD,251.761,1.8487,Buy,,,
2025-04-08 18:58:00,XRPUSD,21003.20763255,1.848342885468772,Buy,,,
2025-04-08 18:59:00,XRPUSD,1748.64252139,1.8487319516646132,Buy,,,
2025-04-08 19:00:00,XRPUSD,157.67990249,1.8524428155347004,Buy,,,
2025-04-08 19:01:00,XRPUSD,859.284737,1.850949156618233,Buy,,,
2025-04-08 19:02:00,XRPUSD,675.82586706,1.8521774027775928,Buy,,,
2025-04-08 19:03:00,XRPUSD,4609.8206132899995,1.853844169860426,Buy,,,
2025-04-08 19:04:00,XRPUSD,14171.27580536,1.8457374718070274,Buy,,,
2025-04-08 19:05:00,XRPUSD,5701.1957489199995,1.847351861784785,Buy,,,
2025-04-08 19:06:00,XRPUSD,413.93373481,1.840167395624415,Buy,,,
2025-04-08 19:07:00,XRPUSD,593.7600613999999,1.8380396637385341,Buy,,,
2025-04-08 19:08:00,XRPUSD,580.23303417,1.8399197900270245,Buy,,,
2025-04-08 19:09:00,XRPUSD,2648.80469463,1.8374483927664869,Buy,,,
2025-04-08 19:10:00,XRPUSD,21116.471,1.8419094176484319,Buy,,,
2025-04-08 19:11:00,XRPUSD,1405.5818308599999,1.8423964705278928,Buy,,,
2025-04-08 19:12:00,XRPUSD,1785.6546774499998,1.837533858374687,Buy,,,
2025-04-08 19:13:00,XRPUSD,14757.234594979998,1.831677057528917,Buy,,,
2025-04-08 19:14:00,XRPUSD,42.23726811,1.8287373141462673,Buy,,,
2025-04-08 19:15:00,XRPUSD,7911.858446879999,1.830030431428498,Buy,,,
2025-04-08 19:16:00,XRPUSD,13080.95928353,1.8299758114099978,Buy,,,
2025-04-08 19:17:00,XRPUSD,217.21747850999998,1.8233071813415835,Buy,,,
2025-04-08 19:18:00,XRPUSD,68.76245928,1.8276568792977936,Buy,,,
2025-04-08 19:19:00,XRPUSD,230.51816906,1.8272145994192297,Buy,,,
2025-04-08 19:20:00,XRPUSD,27670.67124259,1.8321928652529176,Buy,,,
2025-04-08 19:21:00,XRPUSD,13730.833953490002,1.8364451941924622,Buy,,,
2025-04-08 19:22:00,XRPUSD,3986.06230272,1.8369344852789988,Buy,,,
2025-04-08 19:23:00,XRPUSD,2461.09475915,1.83595483982215,Buy,,,
2025-04-08 19:24:00,XRPUSD,1358.70989073,1.8356199152710093,Buy,,,
2025-04-08 19:25:00,XRPUSD,9.67923314,1.83398,Buy,,,
2025-04-08 19:26:00,XRPUSD,2738.97850122,1.8328885024972355,Buy,,,
2025-04-08 19:27:00,XRPUSD,10334.46826887,1.8346148561701396,Buy,,,
2025-04-08 19:28:00,XRPUSD,6800.202098350001,1.8359278525276623,Buy,,,
2025-04-08 19:29:00,XRPUSD,3106.83465114,1.8365055105585182,Buy,,,
2025-04-08 19:30:00,XRPUSD,6818.7020692099995,1.833807894721632,Buy,,,
2025-04-08 19:31:00,XRPUSD,3125.17933976,1.826970144467564,Buy,,,
2025-04-08 19:32:00,XRPUSD,135.46333185,1.8205633894771394,Buy,,,
2025-04-08 19:33:00,XRPUSD,10059.69450201,1.8197331203676388,Buy,,,
2025-04-08 19:34:00,XRPUSD,4435.03801208,1.8207247619613456,Buy,,,
2025-04-08 19:35:00,XRPUSD,4810.991716660001,1.8158929671056057,Buy,,,
2025-04-08 19:36:00,XRPUSD,9563.72512008,1.8169920471738097,Buy,,,
2025-04-08 19:37:00,XRPUSD,12485.679332090001,1.8178403443839777,Buy,,,
2025-04-08 19:38:00,XRPUSD,5861.578061349999,1.8164737431113385,Buy,,,
2025-04-08 19:39:00,XRPUSD,9357.232836829999,1.8151699895739848,Buy,,,
2025-04-08 19:40:00,XRPUSD,976.6610000000001,1.8214000904612757,Buy,,,
2025-04-08 19:41:00,XRPUSD,4148.11683299,1.8214057690272418,Buy,,,
2025-04-08 19:42:00,XRPUSD,763.52,1.817140555270327,Buy,,,
2025-04-08 19:43:00,XRPUSD,16575.45805583,1.8150882286157475,Buy,,,
2025-04-08 19:44:00,XRPUSD,6318.89694952,1.8117016681531386,Buy,,,
2025-04-08 19:45:00,XRPUSD,6773.234532410001,1.8118383741029334,Buy,,,
2025-04-08 19:46:00,XRPUSD,9380.12045416,1.8117983786517569,Buy,,,
2025-04-08 19:47:00,XRPUSD,19932.900135370004,1.811312114157639,Buy,,,
2025-04-08 19:48:00,XRPUSD,613.8779999999999,1.8123458249684792,Buy,,,
2025-04-08 19:49:00,XRPUSD,5545.821896789999,1.8091815610124373,Buy,,,
2025-04-08 19:50:00,XRPUSD,11110.774870969997,1.8113929582579211,Buy,,,
2025-04-08 19:51:00,XRPUSD,4876.7500136,1.8246820493979485,Buy,,,
2025-04-08 19:52:00,XRPUSD,2685.14094577,1.8230866638143481,Buy,,,
2025-04-08 19:53:00,XRPUSD,5035.05817726,1.822736460125869,Buy,,,
2025-04-08 19:54:00,XRPUSD,10942.93998282,1.828240770684265,Buy,,,
2025-04-08 19:55:00,XRPUSD,2314.43794481,1.8234079875546236,Buy,,,
2025-04-08 19:56:00,XRPUSD,716.4264847699999,1.822126032578974,Buy,,,
2025-04-08 19:57:00,XRPUSD,13263.56050385,1.8252241565417398,Buy,,,
2025-04-08 19:58:00,XRPUSD,111.626,1.8213163745005647,Buy,,,
2025-04-08 19:59:00,XRPUSD,551.144,1.8201659376134007,Buy,,,
2025-04-08 20:00:00,XRPUSD,304.56360986,1.8266369191072984,Buy,,,
2025-04-08 20:01:00,XRPUSD,2619.81913342,1.826634142123309,Buy,,,
2025-04-08 20:02:00,XRPUSD,25335.84565093,1.8265911499513132,Buy,,,
2025-04-08 20:03:00,XRPUSD,2830.8482647600003,1.8240162664431623,Buy,,,
2025-04-08 20:04:00,XRPUSD,2694.0176961999996,1.8162791607537705,Buy,,,
2025-04-08 20:05:00,XRPUSD,697.422952,1.8115294279853298,Buy,,,
2025-04-08 20:06:00,XRPUSD,5942.61660124,1.8147900094297829,Buy,,,
2025-04-08 20:07:00,XRPUSD,818.27103055,1.82116,Buy,,,
2025-04-08 20:08:00,XRPUSD,661.37119,1.8156100000000002,Buy,,,
2025-04-08 20:09:00,XRPUSD,13928.732485100001,1.8182891492936228,Buy,,,
2025-04-08 20:10:00,XRPUSD,18523.850131690004,1.8161844411523698,Buy,,,
2025-04-08 20:11:00,XRPUSD,5700.436762299999,1.8171937994073315,Buy,,,
2025-04-08 20:12:00,XRPUSD,7297.74737648,1.8135794733430173,Buy,,,
2025-04-08 20:13:00,XRPUSD,419.76911811,1.816855809498886,Buy,,,
2025-04-08 20:14:00,XRPUSD,2141.59689754,1.8180821320047105,Buy,,,
2025-04-08 20:15:00,XRPUSD,2419.5905961500002,1.8205607484355666,Buy,,,
2025-04-08 20:16:00,XRPUSD,6802.88229036,1.823669970923282,Buy,,,
2025-04-08 20:17:00,XRPUSD,5021.842675319999,1.8229105123435754,Buy,,,
2025-04-08 20:18:00,XRPUSD,9214.43046478,1.824860520063201,Buy,,,
2025-04-08 20:19:00,XRPUSD,7930.750934459999,1.8279169584397654,Buy,,,
2025-04-08 20:20:00,XRPUSD,269.598,1.82402,Buy,,,
2025-04-08 20:21:00,XRPUSD,2951.61392434,1.8242363589459907,Buy,,,
2025-04-08 20:22:00,XRPUSD,74.93272,1.8172288776385002,Buy,,,
2025-04-08 20:23:00,XRPUSD,254.80958151,1.8191532103392671,Buy,,,
2025-04-08 20:24:00,XRPUSD,172.711,1.814221563536775,Buy,,,
2025-04-08 20:25:00,XRPUSD,8579.15477854,1.8126338164212443,Buy,,,
2025-04-08 20:26:00,XRPUSD,13144.9250974,1.8139282049414842,Buy,,,
2025-04-08 20:27:00,XRPUSD,553.19591108,1.8119111255234972,Buy,,,
2025-04-08 20:28:00,XRPUSD,2112.7819469,1.81243476526074,Buy,,,
2025-04-08 20:29:00,XRPUSD,13212.71137338,1.8146482860463315,Buy,,,
2025-04-08 20:30:00,XRPUSD,4271.68001321,1.8153975934560032,Buy,,,
2025-04-08 20:31:00,XRPUSD,30.14890156,1.8186575783341674,Buy,,,
2025-04-08 20:32:00,XRPUSD,2324.621609,1.8172017727982501,Buy,,,
2025-04-08 20:33:00,XRPUSD,11002.59881987,1.8203057475872881,Buy,,,
2025-04-08 20:34:00,XRPUSD,300.0,1.8213245333333332,Buy,,,
2025-04-08 20:35:00,XRPUSD,1682.0,1.818696896551724,Buy,,,
2025-04-08 20:36:00,XRPUSD,52063.13489091,1.8271277831211428,Buy,,,
2025-04-08 20:37:00,XRPUSD,894.3805900899999,1.8277733632000892,Buy,,,
2025-04-08 20:38:00,XRPUSD,497.9577,1.829870745097425,Buy,,,
2025-04-08 20:39:00,XRPUSD,3024.77198545,1.82850411447495,Buy,,,
2025-04-08 20:40:00,XRPUSD,8059.9264373099995,1.8306897643263471,Buy,,,
2025-04-08 20:41:00,XRPUSD,207626.81323738,1.837798340086781,Buy,,,
2025-04-08 20:42:00,XRPUSD,24401.10229098,1.839495003602682,Buy,,,
2025-04-08 20:43:00,XRPUSD,1451.02735801,1.839163203624545,Buy,,,
2025-04-08 20:44:00,XRPUSD,430.46064067,1.8395002422779363,Buy,,,
2025-04-08 20:45:00,XRPUSD,169.83016121999998,1.8372713064037167,Buy,,,
2025-04-08 20:46:00,XRPUSD,87.2491387,1.8319875607252671,Buy,,,
2025-04-08 20:47:00,XRPUSD,1155.2387615300001,1.8299551946981645,Buy,,,
2025-04-08 20:48:00,XRPUSD,5345.61579453,1.8351057191595208,Buy,,,
2025-04-08 20:49:00,XRPUSD,3212.57354531,1.8376041039120827,Buy,,,
2025-04-08 20:50:00,XRPUSD,8444.95577986,1.8359334222639196,Buy,,,
2025-04-08 20:51:00,XRPUSD,209.631842,1.8309562471041017,Buy,,,
2025-04-08 20:52:00,XRPUSD,135.82584422,1.8320061111008508,Buy,,,
2025-04-08 20:53:00,XRPUSD,397.92537133,1.828452273732861,Buy,,,
2025-04-08 20:54:00,XRPUSD,2846.289885,1.8328816634405394,Buy,,,
2025-04-08 20:55:00,XRPUSD,3509.64076242,1.8292993464455876,Buy,,,
2025-04-08 20:56:00,XRPUSD,2800.80588378,1.8281456305687047,Buy,,,
2025-04-08 20:57:00,XRPUSD,221.78312707999999,1.8277820468637735,Buy,,,
2025-04-08 20:58:00,XRPUSD,3852.94113485,1.8286811065853583,Buy,,,
2025-04-08 20:59:00,XRPUSD,11732.51544822,1.8303655315292642,Buy,,,
2025-04-08 21:00:00,XRPUSD,563.06995246,1.8307409405788013,Buy,,,
2025-04-08 21:01:00,XRPUSD,7653.8023420399995,1.8336541159775284,Buy,,,
2025-04-08 21:02:00,XRPUSD,313.66103356,1.83617,Buy,,,
2025-04-08 21:03:00,XRPUSD,72.58722159,1.8356156203081129,Buy,,,
2025-04-08 21:04:00,XRPUSD,230.23671151000002,1.8317657639188962,Buy,,,
2025-04-08 21:05:00,XRPUSD,5061.78214008,1.8283055818068992,Buy,,,
2025-04-08 21:06:00,XRPUSD,187.66674838,1.8244597488910366,Buy,,,
2025-04-08 21:07:00,XRPUSD,1462.059291,1.8258110913637424,Buy,,,
2025-04-08 21:09:00,XRPUSD,21740.44165659,1.8189715304141096,Buy,,,
2025-04-08 21:10:00,XRPUSD,339989.1031370201,1.819598847932323,Buy,,,
2025-04-08 21:11:00,XRPUSD,10943.020076150002,1.8153114949739855,Buy,,,
2025-04-08 21:12:00,XRPUSD,51141.82757453,1.8142930098169032,Buy,,,
2025-04-08 21:13:00,XRPUSD,404312.96671337995,1.8143074567696653,Buy,,,
2025-04-08 21:14:00,XRPUSD,25241.18988238,1.8182078667899784,Buy,,,
2025-04-08 21:15:00,XRPUSD,916.4492957399999,1.8176877263719917,Buy,,,
2025-04-08 21:16:00,XRPUSD,5978.397999999999,1.818835548770758,Buy,,,
2025-04-08 21:17:00,XRPUSD,7702.8420886700005,1.8188384972594183,Buy,,,
2025-04-08 21:18:00,XRPUSD,8295.613019560002,1.8124122117940995,Buy,,,
2025-04-08 21:19:00,XRPUSD,3138.9255907500005,1.810947435421687,Buy,,,
2025-04-08 21:20:00,XRPUSD,3018.1,1.8103954299062324,Buy,,,
2025-04-08 21:21:00,XRPUSD,3379.4228630000002,1.8103043525899292,Buy,,,
2025-04-08 21:22:00,XRPUSD,30590.448224979995,1.8179916994821566,Buy,,,
2025-04-08 21:23:00,XRPUSD,140.23907882,1.8164643338636985,Buy,,,
2025-04-08 21:24:00,XRPUSD,30.70800991,1.8157792774294828,Buy,,,
2025-04-08 21:25:00,XRPUSD,1075.91458394,1.8164959101646045,Buy,,,
2025-04-08 21:26:00,XRPUSD,20559.80067164,1.8107205216678444,Buy,,,
2025-04-08 21:27:00,XRPUSD,23788.47336259,1.8014104243154174,Buy,,,
2025-04-08 21:28:00,XRPUSD,728.200841,1.8070084324033069,Buy,,,
2025-04-08 21:29:00,XRPUSD,63.508428,1.8048226702037091,Buy,,,
2025-04-08 21:30:00,XRPUSD,31987.626847960004,1.7990260592082659,Buy,,,
2025-04-08 21:31:00,XRPUSD,7058.907828020001,1.7985388508764086,Buy,,,
2025-04-08 21:32:00,XRPUSD,3343.61664538,1.7988605102075108,Buy,,,
2025-04-08 21:33:00,XRPUSD,57457.12100818,1.808426236805664,Buy,,,
2025-04-08 21:34:00,XRPUSD,31109.193335950004,1.809056435211909,Buy,,,
2025-04-08 21:35:00,XRPUSD,8334.25130996,1.8111214776845121,Buy,,,
2025-04-08 21:36:00,XRPUSD,3394.815,1.8161686342348553,Buy,,,
2025-04-08 21:38:00,XRPUSD,31.44197922,1.8122344604901655,Buy,,,
2025-04-08 21:39:00,XRPUSD,6748.13803,1.810274182197245,Buy,,,
2025-04-08 21:40:00,XRPUSD,23.27987421,1.8133585006079849,Buy,,,
2025-04-08 21:41:00,XRPUSD,5292.742,1.8217272704483987,Buy,,,
2025-04-08 21:42:00,XRPUSD,1423.7458291,1.8194081861358766,Buy,,,
2025-04-08 21:43:00,XRPUSD,4759.16196133,1.8187741856427695,Buy,,,
2025-04-08 21:44:00,XRPUSD,414.99963643,1.819644581053446,Buy,,,
